Classification Number ,Type,Description ,Link,Passage Date,Effective Date,Issue Category ,Category Types
Order 1-21-22 (PDF),Order,"Order Granting a Thames Street Extension License to Northern Utilities, Inc., doing business as Unitil",https://content.civicplus.com/api/assets/95133dd8-0fd1-48d9-aed5-4f32a58fb11d?cache=1800,2021-07-19,2021-07-29,,Enviornmental
Order 2-21-22 (PDF),Order,Order Accepting the Public Art Committee Fiscal Year 2021 Annual Report and Fiscal Year 2022 Budget Plan ,https://content.civicplus.com/api/assets/220d113c-89a7-4920-a32b-828bc1a0b3f9?cache=1800,2021-07-19,2021-07-29,,Infastructure 
Order 3-21-22 (PDF),Order,"Order Granting Municipal Officers’ Approval of On the Rocks Cocktail Cruises LLC, dba On the Rocks Cocktail Cruises. Application for a Class I FSE at 68 Commercial Street. ",https://content.civicplus.com/api/assets/84fbdce2-90da-4ee2-b1e6-8e09400dd51f?cache=1800,2021-07-19,2021-07-29,,Education
Order 4-21-22 (PDF),Order,"Order Granting Municipal Officers’ Approval of Hi Fidelity LLC, dba Hi Fidelity. Application for Class A Lounge with Outdoor Dining on Private Property and Indoor Entertainment at 200 Anderson St, Ste 6. This license will be conditioned per zoning to state: Can offer up to, but not more than 10% of beverages produced offsite.",https://content.civicplus.com/api/assets/590d7d5e-c3e0-4d54-a63e-f3b6a700e5d0?cache=1800,2021-07-19,2021-07-29,,Zoning
Order 5-21-22 (PDF),Order,"Order Granting Municipal Officers’ Approval of Tokyo Sushi Ramen Inc, dba Tokyo Sushi Ramen. Application for a Class I FSE with Outdoor Dining on Private Property at 11 Brown Street. ",https://content.civicplus.com/api/assets/167ff24b-c200-4399-b9eb-d9abb2678f44?cache=1800,2021-07-19,2021-07-29,,Safety 
Order 6-21-22 (PDF),Order,"Order Granting Municipal Officers’ Approval of Portland Harbor Hotel Associates LLC, dba Portland Harbor Hotel. Application for a Class IA Inn with Outdoor Dining on Private Property and Combined Entertainment at 468 Fore Street. ",https://content.civicplus.com/api/assets/9f8c9c00-a83c-4e09-8c8a-461f0e341558?cache=1800,2021-07-19,2021-07-29,,
Order 7-21-22 (PDF),Order,"Order Approving the Agreement between the Portland Area Comprehensive Transportation System, the Maine Department of Transportation and Portland re: Forest Avenue Improvements from Marginal Way to Park Avenue",https://content.civicplus.com/api/assets/dbfcfb02-f934-4366-b62e-ee28233cd3a6?cache=1800,2021-08-23,2021-09-02,,
Order 8-21-22 (PDF),Order,Order Accepting and Appropriating a Grant from the Maine Department of Economic and Community Development Re: Journey Maps in Multiple Languages ,https://content.civicplus.com/api/assets/9ffabfff-afa6-4a13-b7d5-53b7a4215dce?cache=1800,2021-08-23,2021-09-02,,
Order 9-21-22 (PDF),Order,Order Approving the Maine Department of Transportation and City of Portland Agreement Re: Franklin Street and Marginal Way,https://content.civicplus.com/api/assets/993753d4-4180-40f0-ab62-46b3062a6352?cache=1800,2021-08-23,2021-09-02,,
Order 10-21-22 (PDF),Order,Order Amending Order 233-20/21 Approving State/Local EPS Funding Allocation for Public Education from Kindergarten to Grade 12 for Portland Public Schools for Fiscal Year 2022 ,https://content.civicplus.com/api/assets/3f5fb32a-83ad-4d9d-99a0-c5ef3ce93c74?cache=1800,2021-07-19,2021-07-29,,
Order 11-21-22 (PDF),Order,Order Amending Order 236-20/21 Approving Total School Operating Budget For Portland Schools for Fiscal Year 2022,https://content.civicplus.com/api/assets/bcff9dd6-54f7-44bd-8a99-4e7575f7b538?cache=1800,2021-07-19,2021-07-29,,
Order 12-21-22 (PDF),Order,Order Amending Order 257-20/21 Fiscal Year 2021-2022 Appropriation Resolve,https://content.civicplus.com/api/assets/f8a03a74-f725-4167-8dc4-80b9ed2c32d6?cache=1800,2021-07-19,2021-07-29,,
Order 13-21-22 (PDF),Order,"Order for a Preliminary Earmark of $3,399,686 from Additional State Education Funding as School Debt Service Reserve ",https://content.civicplus.com/api/assets/cc2887f7-c1e4-434c-bbcf-41da1bc788b3?cache=1800,2021-07-19,2021-07-29,,
Order 14-21-22 (PDF),Order,"Order Declaring June 30, 2021 to November 1, 2021 the Outdoor Dining/Retail Festival",https://content.civicplus.com/api/assets/0ea69d1f-5e40-4e8e-ab52-30f70a1a27b2?cache=1800,2021-07-19,2021-07-29,,
Order 15-21-22 (PDF),Order,Order Setting an Election Date on a Citizen Initiative Amendment to Portland City Code Chapter 14 Re: Emergency Shelters for 50 or Fewer Only ,https://content.civicplus.com/api/assets/8ec4602d-bae9-499a-94ca-c48ba3cde840?cache=1800,2021-08-23,2021-09-02,,
Order 17-21-22 (PDF),Order,Order Repealing the Proclamation of Emergency ,https://content.civicplus.com/api/assets/60f1335d-3123-4e46-a314-08acf08eab8c?cache=1800,2021-07-19,2021-07-29,,
Order 18-21-22 (PDF),Order,Order Adopting the Remote Participation Policy for the City of Portland City Council and City Council Committees,https://content.civicplus.com/api/assets/2df96aa8-71df-451b-b2b1-b2c4c6a960af?cache=1800,2021-07-19,2021-07-29,,
Order 19-21-22 (PDF),Order,Order Authorizing Fees at Public Electric Vehicle Chargers ,https://content.civicplus.com/api/assets/dc6c4ae2-d652-4e53-a3ad-445477984fcd?cache=1800,2021-07-19,2021-07-29,,
Order 20-21-22 (PDF),Order,Order Accepting and Appropriating Federal Aviation Administration American Rescue Plan Act (ARPA) Grants for the Portland International Jetport ,https://content.civicplus.com/api/assets/82577955-cad2-4c66-a60e-317d03fcbf7f?cache=1800,2021-08-23,2021-09-02,,
Order 22-21-22 (PDF),Order,Order Amendment to Zoning Map Re: 99 Winter Street and 152-160 State Street from R6 Residential to B-3 Downtown ,https://content.civicplus.com/api/assets/948feda4-5025-4078-a321-7e7c338e72d4?cache=1800,2021-09-08,10/821,,
Order 23-21-22 (PDF),Order,Order Amending the Height Overlap Map at 99 Winter Street,https://content.civicplus.com/api/assets/54c316cb-1ca2-40fd-96f2-0cb72fce0df8?cache=1800,2021-09-08,10/821,,
Order 24-21-22 (PDF),Order,Order Declaring a Limited Emergency to Continue Remote Public Meetings,https://content.civicplus.com/api/assets/1deb3a67-f7b1-40ef-b1d3-f4f166952d1b?cache=1800,2021-08-02,2021-08-02,,
Order 25-21-22 (PDF),Order,Order Amending Portland Development Corporation Bylaws and Loan and Grant Guidelines for Two Programs ,https://content.civicplus.com/api/assets/0f4e95bc-b926-4294-b66f-1259b8a1a1dc?cache=1800,2021-08-23,2021-09-02,,
Order 26-21-22 (PDF),Order,"Order Declaring October 3, 2021 the 30th Annual Maine Marathon, Half Marathon & Relay Festival",https://content.civicplus.com/api/assets/28674f13-8eaa-4f2f-9e40-c8d2d1a6fce6?cache=1800,2021-08-23,2021-09-02,,
Order 27-21-22 (PDF),Order,Order Accepting an Andrews Square Easement Deed from Avesta Butler Payson LP ,https://content.civicplus.com/api/assets/f9be8b2e-8cb9-4d39-8713-d4bf00e5d3ff?cache=1800,2021-08-23,2021-09-02,,
Order 28-21-22 (PDF),Order,"Order Approving the Application for a $400,000 Outdoor Recreation Legacy Partnership Grant for Open Space and Athletic Fields in North Deering ",https://content.civicplus.com/api/assets/963f8974-8e31-42e5-beb2-9d45dccaa03a?cache=1800,2021-08-23,2021-09-02,,
Order 30-21-22 (PDF),Order,"Order Granting Municipal Officers’ Approval of Geno’s Inc, dba Geno’s Rock Club. Application for a Class A Lounge with Indoor Entertainment at 625 Congress St",https://content.civicplus.com/api/assets/f09200f7-f2ae-4335-9f03-0ee0274bdebd?cache=1800,2021-08-23,,,
Order 29-21-22 (PDF),Order,"Order Granting Municipal Officers’ Approval of Smalls Brackett Street LLC, dba Smalls. Application for a Class I FSE with Indoor Entertainment at 28 Brackett St.",https://content.civicplus.com/api/assets/546872b5-bcef-4cbc-8445-b023aa06c032?cache=1800,2021-08-23,,,
Order 31-21-22 (PDF),Order,"Order Granting Municipal Officers’ Approval of Austin Street Brewery LLC, dba Austin Street Brewery. Application for a Combined Entertainment at 109 Fox St ",https://content.civicplus.com/api/assets/e1047acc-9229-4597-8018-da288db73dec?cache=1800,2021-08-23,,,
Order 32-21-22 (PDF),Order,"Order Granting Municipal Officers’ Approval of Empire 37 LLC, dba Empire Chinese Kitchen. Application for a Class I FSE at 575 Congress St. ",https://content.civicplus.com/api/assets/b2505abb-2faa-4c18-9d17-718c2333707f?cache=1800,2021-08-23,,,
Order 33-21-22 (PDF),Order,"Order Granting Municipal Officers’ Approval of Renn Restaurant Group LLC, dba Ruby’s West End. Application for a Class I FSE at 64 Pine St. ",https://content.civicplus.com/api/assets/2320240b-ff92-4038-aceb-34fe40684d5d?cache=1800,2021-08-23,,,
Order 34-21-22 (PDF),Order,"Order Granting Municipal Officers’ Approval of Far From A Teardown LLC, dba Salvage BBQ.  Application for Outdoor Dining on Private Property at 919 Congress St.",https://content.civicplus.com/api/assets/4c582704-132e-4d91-83e5-08d470504133?cache=1800,2021-08-23,,,
Order 35-21-22 (PDF),Order,"Order Accepting and Appropriating $480,850 in U.S. Environmental Protection Agency Brownfields Funds for the City's Brownfields Revolving Loan Fund ",https://content.civicplus.com/api/assets/cea5153e-e643-4823-8bec-2e6ae6b73f7f?cache=1800,2021-09-08,2021-09-18,,
Order 36-21-22 (PDF),Order,"Order Approving the Collective Bargaining Agreement with the Firefighters Local 740, International Association of Firefighters",https://content.civicplus.com/api/assets/5fb5843e-7ba5-4bbf-b64c-f31deb7d1c8d?cache=1800,2021-09-08,2021-09-18,,
Order 37-21-22 (PDF),Order,Order Designating the Marguerite Emerson House at 99 Capisic Street as a Landmark ,https://content.civicplus.com/api/assets/81e3b5ba-568e-428a-abd8-7b1c82e34130?cache=1800,2021-09-08,2021-09-18,,
Order 38-21-22 (PDF),Order,Order Approving Transfer of Funds under 15 M.R.S. § 5824 (3) and § 5826(6) Re: David Logugune ,https://content.civicplus.com/api/assets/f2941e7e-b9d5-405a-8c10-7a141db919e6?cache=1800,2021-09-08,2021-09-18,,
Order 39-21-22 (PDF),Order,"Order Extending the Outdoor Dining/Retail Festival from November 1, 2021 to April 15, 2022 ",https://content.civicplus.com/api/assets/502c00e1-b6ac-4c53-a622-fe377f3e8331?cache=1800,2021-09-08,2021-09-18,,
Order 40-21-22 (PDF),Order,"Order Granting Municipal Officers’ Approval of Apple Nine Hospitality Management Inc, dba AC Hotel Portland Downtown/Waterfront. Application for a Class IA Inn at 158 Fore St. ",https://content.civicplus.com/api/assets/f83e6fd2-2b2d-4da4-88b8-33f8bc813f40?cache=1800,2021-09-08,2021-09-18,,
Order 41-21-22 (PDF),Order,"Order Granting Municipal Officers’ Approval of Apple Nine Hospitality Management Inc, dba Aloft Hotel Portland. Application for a Class IA Inn at 379 Commercial St.",https://content.civicplus.com/api/assets/a21fa6e2-c881-4dc5-affe-a97ddb174ba8?cache=1800,2021-09-08,2021-09-18,,
Order 42-21-22 (PDF),Order,"Order Granting Municipal Officers’ Approval of Yardie Ting LLC, dba Yardie Ting. Application for a Class III & IV FSE at 28 Monument Square",https://content.civicplus.com/api/assets/62e20b84-e445-4281-ba6e-98050615d15f?cache=1800,2021-09-08,2021-09-18,,
Order 43-21-23 (PDF),Order,Order A City Councilor is requesting referral of Tangible Alchemy dba Urban Farm Fermentory’s Combined Entertainment license at 200 Anderson St. ,https://content.civicplus.com/api/assets/9e6a3393-d52a-4700-b056-da58225438cb?cache=1800,2021-09-08,2021-09-18,,
Order 44-20-21 (PDF),Order,"Order Condemning the Property Rights of FEDEQ DV004, LLC et al. Pursuant to 30-A M.R.S. §§ 5401 et seq. (including § 5403(6)), 30-A M.R.S. § 3101, and 23 M.R.S.A. § 3023 ",https://content.civicplus.com/api/assets/e087de0a-da81-4a3b-87bf-921f6201f4b6?cache=1800,2021-09-08,2021-09-18,,
Order 45-21-22 (PDF),Order,"Order Traffic Schedule Amendment Re: Closing Dana, Wharf and Part of Milk Street to Through Traffic",https://content.civicplus.com/api/assets/ea011e08-75b9-4e93-8bfd-b6d78622c26c?cache=1800,2021-09-20,2021-10-20,,
Order 46-21-22 (PDF),Order,Order Amendment to Portland City Code Chapter 25 Re: Parklet Fee Reduction,https://content.civicplus.com/api/assets/02284e5b-c04f-421a-9774-be4e0917dd25?cache=1800,2021-09-20,2021-10-20,,
Order 47-21-22 (PDF),Order,"Order Accepting and Appropriating $40,909.09 in Assistance to Firefighters Grant Funding from Federal Emergency Management Agency ",https://content.civicplus.com/api/assets/81ec9111-bfa2-4233-902b-df07e0358189?cache=1800,2021-09-20,2021-09-20,,
Order 48-21-22 (PDF),Order,Order Declaring an Emergency,https://content.civicplus.com/api/assets/06dcf785-dedb-4651-9c91-b296207deb9a?cache=1800,2021-10-04,2021-10-04,,
Order 49-21-22 (PDF),Order,Order Accepting the Donation of the former Casco Bay Creamery Shack from Doug Hassan,https://content.civicplus.com/api/assets/35daa790-289f-4600-8bab-14b65d14f145?cache=1800,2021-09-20,2021-09-30,,
Order 50-21-22 (PDF),Order,"Order Granting Municipal Officers’ Approval of A&P Pop Ups LLC, dba Jack’s Twisted Mansion. Application for a Class 1 FSE with Indoor Entertainment at 156 State St.",https://content.civicplus.com/api/assets/af5f3f1e-ace7-4624-9b38-c9a19e07f6e8?cache=1800,2021-09-21,,,
Order 51-21-22 (PDF),Order,"Order Granting Municipal Officers’ Approval of XGP LLC, dba X-Golf Portland. Application for a Class XI Restaurant/Lounge at 101 York St.",https://content.civicplus.com/api/assets/898ff164-e59f-4e62-84a2-228e28ccb0ea?cache=1800,2021-09-21,,,
Order 52-21-22 (PDF),Order,"Order Granting Municipal Officers’ Approval of Wallace Project LLC, dba Maps. Application for a Class X Lounge at 64 Market St. ",https://content.civicplus.com/api/assets/090f8fdc-1149-4ac7-b831-ac3bef7e5f02?cache=1800,2021-09-21,,,
Order 53-21-22 (PDF),Order,Order Granting Municipal Officers’ Approval of Maine Craft Distilling LLC dba Maine Craft Distilling.  Renewal application for a Combined Entertainment license at 123 Washington Ave.,https://content.civicplus.com/api/assets/7cc37cda-3db0-4127-aa9f-dfab2d259668?cache=1800,2021-09-21,,,
Order 55-21-22 (PDF),Order,Order Adopting the Western Promenade Historic Landscape Master Plan,https://content.civicplus.com/api/assets/a1aed018-ae73-42c3-bfb0-555e4390d059?cache=1800,2021-09-20,2021-09-30,,
Order 56-21-22 (PDF),Order,Order Approving a Request for Proposals for the Sale and Development of the Thames Street Lot at Fore Street Connector ,https://content.civicplus.com/api/assets/0084c3ea-e4bb-47ad-8413-61cfa6aa413f?cache=1800,2021-09-20,2021-09-30,,
Order 57-21-22 (PDF),Order,Order Updating and Establishing Maintenance and Implementation Assessments for Portland Downtown for Fiscal Year 2021-2022 ,https://content.civicplus.com/api/assets/b00598a9-1f56-4496-88ce-2cedd999904e?cache=1800,2021-09-20,2021-09-20,,
Order 58-21-22 (PDF),Order,"Order Appropriating $150,000 from the Housing Trust Fund to Developers Collaborative Predevelopment LLC Re: Phoenix at Danforth ",https://content.civicplus.com/api/assets/0204a931-0231-4105-8728-ee33e6046fd3?cache=1800,2021-10-04,2021-10-14,,
Order 59-21-22 (PDF),Order,Order Amendment to the Portland City Code Chapter 2 Re: Additional Senior Tax Relief ,https://content.civicplus.com/api/assets/e808e75f-3a28-4018-9261-0cb7aeeed55b?cache=1800,2021-10-04,2021-11-03,,
Order 60-21-22 (PDF),Order,"Order Declaring November 6, 2021 the Shipyard Old Port Half Marathon and 5K Festival",https://content.civicplus.com/api/assets/e10421fb-99bc-4f2c-91b1-0cbda2fd763c?cache=1800,2021-10-04,2021-10-14,,
Order 61-21-22 (PDF),Order,Order Granting Central Maine Power an Easement at Presumpscot Elementary School ,https://content.civicplus.com/api/assets/6f48aa6d-9f1f-4b6d-9d71-990410282afd?cache=1800,2021-10-04,2021-10-14,,
Order 62-21-22 (PDF),Order,"Order Declaring February 15 to February 28, 2022 the CarnavalME Festival",https://content.civicplus.com/api/assets/83c5ea9f-c3be-49e4-9cf3-fa8a2af76758?cache=1800,2021-10-04,2021-10-14,,
Order 63-21-22 (PDF),Order,"Order Setting the Time for Opening and Closing of Polls on November 2, 2021 Re: General Municipal Election and State Referendum ",https://content.civicplus.com/api/assets/a33bd9ec-6905-4a57-8dd2-2c9157980e11?cache=1800,2021-10-04,2021-10-14,,
Order 64-21-22 (PDF),Order,"Order Granting Municipal Officers’ Approval of Rosemont Market Inc, dba Rosemont Market and Wine Bar. Application for Outdoor Dining on Private Property at 42 Resurgam Pl.",https://content.civicplus.com/api/assets/0b475870-c5c3-4824-82f5-9f06ab4aa4a0?cache=1800,2021-10-04,,,
Order 65-21-22 (PDF),Order,"Order Granting Municipal Officers’ Approval of Perfect Pie 2, LLC, dba Pizzaiolo. Application for Combined Entertainment at 865 Forest Ave. ",https://content.civicplus.com/api/assets/955f1d49-e199-43b8-ab4b-92a63bbf9a49?cache=1800,2021-10-04,,,
Order 66-21-22 (PDF),Order,"Order Granting Municipal Officers’ Approval of Smallaxe LLC, dba East Ender. Application for Indoor Entertainment at 47 Middle St.",https://content.civicplus.com/api/assets/3a617b12-dee0-4b17-b05a-1b344dde7b1e?cache=1800,2021-10-04,,,
Order 67-21-22 (PDF),Order,"Order Granting Municipal Officers’ Approval of Arcadia Gaming and Pizza Parlor LLC, dba Arcadia. Application for Class XI Restaurant/Lounge with Indoor Entertainment, 50 Amusement Devices and 50 Pinball Machines at 504 Congress St ",https://content.civicplus.com/api/assets/29e3b843-b09e-4459-8d57-38b7bd9e274b?cache=1800,2021-10-04,,,
Order 68-21-22 (PDF),Order,"Order Adopting the 2020 Community Development Block Grant Priority Task Force Report with 2021 Addendum, as amended ",https://content.civicplus.com/api/assets/ee27853d-bbf5-4d66-a358-1e17294305c9?cache=1800,2021-10-04,2021-10-14,,
Order 69-21-22 (PDF),Order,"Order Appropriating $10,000 for a Rail Study ",https://content.civicplus.com/api/assets/1cf47ff1-2916-4201-81e6-4db3899c048a?cache=1800,2021-10-04,2021-10-04,,
Order 70-21-22 (PDF),Order,Order Appointing Danielle P. West as Interim City Manager,https://content.civicplus.com/api/assets/b2dd7fc3-d50a-47d8-abd8-8e2767d4d779?cache=1800,2021-10-04,2021-10-14,,
Order 71-21-22 (PDF),Order,Order Appointing Jennifer Thompson Acting Corporation Counsel,https://content.civicplus.com/api/assets/74b0c1e1-6c75-4528-baa3-f976d32bc1f1?cache=1800,2021-10-04,2021-10-14,,
Order 72-21-22 (PDF),Order,Order Zoning Map Amendment Re: 43 and 91 Douglass Street from R-5 to R-5a Residential ,https://content.civicplus.com/api/assets/cdcb31de-5420-4a0b-826e-8e7eb93888cf?cache=1800,2021-10-18,2021-10-28,,
Order 73-21-22 (PDF),Order,Order Amendment to the Portland City Code Chapter 6 Re: National Electric Code,https://content.civicplus.com/api/assets/0ce8ca80-c1d0-46f8-bd10-0f9be8e8561c?cache=1800,2021-10-18,2021-11-17,,
Order 74-21-22 (PDF),Order,Order Amendment to the Portland City Code Chapter 15 Re: Amusement Device License Fees ,https://content.civicplus.com/api/assets/f97f1138-89d7-4d44-af8f-9448d890445d?cache=1800,2021-10-18,2021-09-13,,
Order 75-21-22 (PDF),Order,Order Appointing Directors of the Portland Widows' Wood Society for the 2021-2022 Term,https://content.civicplus.com/api/assets/e219fc85-ec5b-4ea1-9dc7-94e1b81dff03?cache=1800,2021-10-18,2021-10-28,,
Order 76-21-22 (PDF),Order,Order Appointing Parking Control Officers Constables ,https://content.civicplus.com/api/assets/5b8ebef8-4e19-487b-b3d5-25027666a8a1?cache=1800,2021-10-18,2021-10-28,,
Order 77-21-22 (PDF),Order,"Order Granting Municipal Officers’ Approval of Stratos Hospitality, dba West End Inn. Application for Class IV/V Nonprofit at 146 Pine St.",https://content.civicplus.com/api/assets/ca59cbca-880d-4ce9-acd6-70ea8e2e64a4?cache=1800,2021-10-18,,,
Order 78-21-22 (PDF),Order,"Order Granting Municipal Officers’ Approval of 77 Free Street LLC, dba Free Street. Application for Class XI Restaurant/Lounge with Indoor Entertainment at 77 Free St. ",https://content.civicplus.com/api/assets/fcc392f1-7f3e-48d4-a0b4-f847bc6e0a0b?cache=1800,2021-10-18,,,
Order 79-21-22 (PDF),Order,Order Releasing Deed Restrictions on C Street and Valley Street ,https://content.civicplus.com/api/assets/290c4dcd-09b0-43fd-b8f6-3fddc4cf43e1?cache=1800,2021-10-18,2021-10-28,,
Order 80-21-22 (PDF),Order,Order Approving Findings of Fact Re: Fair Elections Portland,https://content.civicplus.com/api/assets/33a4bab6-1864-45f1-8766-9ec388d144cc?cache=1800,2021-10-18,2021-10-28,,
Order 81-21-22 (PDF),Order,Order Approving and Appropriating $4.5 Million for Land Acquisition by the Portland International Jetport,https://content.civicplus.com/api/assets/c923480c-7430-47cc-a6e2-97d964604889?cache=1800,2021-11-01,2021-11-10,,
Order 82-21-22 (PDF),Order,Order Approving the Homeless Services Center Ground and Building Master Leases at 654 Riverside Street ,https://content.civicplus.com/api/assets/87f36e5a-16c2-4c1d-95e9-96a4dbc6af07?cache=1800,2021-11-01,2021-11-10,,
Order 83-21-22 (PDF),Order,Order Approving the Collective Bargaining Agreement with the Police Benevolent Association (PBA) ,https://content.civicplus.com/api/assets/dc9c2bee-0633-456d-8746-9e340a7ba573?cache=1800,2021-11-01,2021-11-10,,
Order 84-21-22 (PDF),Order,Order Appropriating $14.2 Million in American Rescue Plan Act Funding,https://content.civicplus.com/api/assets/beac0499-83f5-4472-a84a-da4f2f115846?cache=1800,2021-11-01,2021-11-10,,
Order 85-21-22 (PDF),Order,Order 8Approving Transfer of Funds Under 15 M.R.S. §§5824(3) and 5826(6) Re: Nicholas Leeman,https://content.civicplus.com/api/assets/7eb9f483-cd32-4915-a114-f4a8eb09774b?cache=1800,2021-11-01,2021-11-10,,
Order 86-21-22 (PDF),Order,Order Approving Transfer of Funds Under 15 M.R.S. §§5824(3) and 5826(6) Re: Justin Antonio Neves,https://content.civicplus.com/api/assets/7aa308f2-2915-4265-95b9-f1bb07b48674?cache=1800,2021-11-01,2021-11-10,,
Order 87-21-22 (PDF),Order,Order Approving Transfer of Funds Under 15 M.R.S. §§5824(3) and 5826(6) Re: Jason Boston ,https://content.civicplus.com/api/assets/361e9cbc-6e31-4f37-9dd2-aa961c7be4d9?cache=1800,2021-11-01,2021-11-10,,
Order 89-21-22 (PDF),Order,Order Amendment to the Portland City Code Chapter 18 Re: Bedford Park renamed Noyes Park ,https://content.civicplus.com/api/assets/57cf21b1-8d58-4acc-ace9-d0e6b595df90?cache=1800,2022-03-07,2022-04-06,,
Order 90-21-22 (PDF),Order,Order Appointing Anne McGuire as a Director of the Creative Portland Corporation ,https://content.civicplus.com/api/assets/f3a4f2a2-184c-46c3-a5ad-920506dea231?cache=1800,2021-11-15,2021-11-25,,
Order 91-21-22 (PDF),Order,Order Appointing Directors of the Board of the Portland Development Corporation,https://content.civicplus.com/api/assets/0f9ad65c-6109-4f20-a52b-a81fd304fa44?cache=1800,2021-12-20,2001-12-30,,
Order 92-21-22 (PDF),Order,"Order Accepting Watercolor Painting ""#18 'City Hall, New'"" from Artist R.N. Cohen",https://content.civicplus.com/api/assets/01894873-2a7b-407d-be47-12d83a561180?cache=1800,2021-11-15,2021-11-25,,
Order 93-21-22 (PDF),Order,"Order Granting Municipal Officers’ Approval of J & L Ventures, LLC, dba The Tavern. Application for a Class A Lounge at 123 Commercial Street.",https://content.civicplus.com/api/assets/74d664aa-6e85-48d8-af4f-ff9e6faf5451?cache=1800,2021-11-15,,,
Order 94-21-22 (PDF),Order,"Order Granting Municipal Officers’ Approval of G&L Maine LLC, dba G & L Maine. Application for Class A Lounge with Outdoor Dining on Private Property at 211 Danforth Street. ",https://content.civicplus.com/api/assets/17435464-d0f2-4b3e-89a3-195cf409bd6c?cache=1800,2021-11-15,,,
Order 95-21-22 (PDF),Order,"Order Granting Municipal Officers’ Approval of Dirty Dove LLC, dba Dirty Dove. Application for Class XI Restaurant/Lounge at 229 Congress Street.",https://content.civicplus.com/api/assets/d3b84816-d81e-48f6-b694-53c135cf0685?cache=1800,2021-11-15,,,
Order 96-21-22 (PDF),Order,"Order Granting Municipal Officers’ Approval of Hello Portland LLC, dba Regards. Application for Class I FSE at 547 Congress Street.",https://content.civicplus.com/api/assets/00de1cd0-6632-425f-916e-6221a2295b70?cache=1800,2021-11-15,,,
Order 97-21-22 (PDF),Order,"Order Granting Municipal Officers’ Approval of Kenkev II, INC, dba PT’s Showclub. Application for Class A Lounge with Indoor Entertainment and Nudity in Business at 200 Riverside Street.",https://content.civicplus.com/api/assets/c25450cf-7f42-4fb5-938d-6de6880e2337?cache=1800,2021-11-15,,,
Order 98-21-22 (PDF),Order,"Order Accepting and Appropriating a $50,000 Donation from the Friends of Congress Square ",https://content.civicplus.com/api/assets/d28e4a9b-8efd-4929-99ce-9703ba1a0308?cache=1800,2021-12-06,2021-12-16,,
Order 99-21-22 (PDF),Order,Order Approving the Collective Bargaining Agreement with the Police Superior Officers Benevolent Association for 2021 to 2023,https://content.civicplus.com/api/assets/b9b44679-9942-49a3-961d-c20fd184605e?cache=1800,2021-11-15,2021-11-25,,
Order 100-21-22 (PDF),Order,"Order Approving a Purchase and Sale Agreement with AJ Holding Company, LLC for Units 6 and 7 in Portland Technology Park",https://content.civicplus.com/api/assets/45e190fc-36e0-40f3-8f86-b4b24f1f4d67?cache=1800,2021-11-15,2021-11-25,,
Order 101-21-22 (PDF),Order,Order Amendment to Solar Array Fees,https://content.civicplus.com/api/assets/8a3da108-9ba2-4498-a7fb-cb08332c26a1?cache=1800,2021-11-15,2021-11-25,,
Order 102-21-22 (PDF),Order,Order Appointing Councilor Pious Ali Mayor Pro Tempore,https://content.civicplus.com/api/assets/cf00d220-37c0-4c24-888a-299dc3d95b9e?cache=1800,2021-12-06,2021-12-16,,
Order 103-21-22 (PDF),Order,Order Appointing City Council Standing Committees,https://content.civicplus.com/api/assets/baab1895-2c09-4c48-98e1-325d8ecf78e9?cache=1800,2021-12-06,2021-12-16,,
Order 104-21-22 (PDF),Order,Order Appointing Members to Various Boards and Commissions,https://content.civicplus.com/api/assets/bd6b5a63-3597-4383-b42d-8d3dcb9d321d?cache=1800,2021-12-06,2021-12-16,,
Order 105-21-22 (PDF),Order,Order Approving an Easement Deed to Central Maine Power for a new Pole at Longfellow School,https://content.civicplus.com/api/assets/39590519-dc02-4417-882d-0fe8d1b56a2a?cache=1800,2021-12-06,2021-12-06,,
Order 106-21-22 (PDF),Order,Order Confirming the Maine Public Employees Retirement System Special Plan 3C for Certain Union Employees ,https://content.civicplus.com/api/assets/e87cc908-10f8-4338-8b2c-9c5168b8ea7f?cache=1800,2021-12-06,2021-12-06,,
Order 107-21-22 (PDF),Order,"Order Accepting and Appropriating a $75,000 United States Department of Justice Grant for Law Enforcement Accreditation ",https://content.civicplus.com/api/assets/343821df-596e-4b03-97eb-0cbfd84b3db7?cache=1800,2021-12-20,2021-12-30,,
Order 108-21-22 (PDF),Order,"Order Accepting and Appropriating a $132,004 U.S. Department of Justice Grant for a De-escalation Training Program",https://content.civicplus.com/api/assets/8ecca6bd-3cd8-4655-a764-a8535ad54fb8?cache=1800,2021-12-20,2021-12-30,,
Order 109-21-22 (PDF),Order,Order Amendment to Portland City Code Chapter 33 Re: Service Employees,https://content.civicplus.com/api/assets/4cbe7366-fdc3-4182-b81d-71cfdcd0bee7?cache=1800,2021-12-20,2021-12-30,,
Order 110-21-22 (PDF),Order,Order Traffic Schedule Amendment - Alder Street Traffic Change,https://content.civicplus.com/api/assets/a4b77393-c1c8-444a-b3ff-46743af2d30f?cache=1800,2021-12-20,2021-12-30,,
Order 112-21-22 (PDF),Order,Order Appointing Directors of the Board of the Portland Fish Exchange,https://content.civicplus.com/api/assets/538cef91-3df0-493c-874a-323dd3c4668c?cache=1800,2021-12-20,2021-12-30,,
Order 113-21-22 (PDF),Order,Order Appointing Constables for 2022 ,https://content.civicplus.com/api/assets/ff66fcb2-4b07-4167-a90b-281013fb48e4?cache=1800,2021-12-20,2021-12-30,,
Order 114-21-22 (PDF),Order,Order Appointing and Setting Salary of Anne Torregrossa as Director of the Human Resources Department,https://content.civicplus.com/api/assets/60880926-6f00-48b1-a9e8-eb80e70d8ac5?cache=1800,2021-12-20,2021-12-30,,
Order 115-21-22 (PDF),Order,Order Authorizing Special Council and Outside Boards and Commissions Appointments for 2022 ,https://content.civicplus.com/api/assets/1136c9f6-3bf1-4db9-b7ac-6b0ddd182b27?cache=1800,2021-12-20,2021-12-30,,
Order 116-21-22 (PDF),Order,Order Establishing the Rules Committee,https://content.civicplus.com/api/assets/1026f02f-9329-42ba-83f2-c01d34c4362b?cache=1800,2021-12-20,2021-12-30,,
Order 117-21-22 (PDF),Order,"Order 117-21/22 Granting Municipal Officers’ Approval of Goodfire Brewing Company LLC, dba Goodfire Brewing. Application for Indoor Entertainment at 219 Anderson Street ",https://content.civicplus.com/api/assets/d74e2630-2632-4acb-ae06-a55239b88869?cache=1800,2021-12-20,,,
Order 118-21-22 (PDF),Order,"Order 118 -21/22 Granting Municipal Officers’ Approval of MacVane Tray Enterprises Inc, dba Yosaku. Application for Class I FSE with Outdoor Dining on Private Property at 1 Danforth Street ",https://content.civicplus.com/api/assets/8e406197-cb95-45d3-92c6-75ec83176244?cache=1800,2021-12-20,,,
Order 119-21-22 (PDF),Order,"Order 119 -21/22 Granting Municipal Officers’ Approval of Hakuna Matata Bar & Restaurant LLC, dba Hakuna Matata Bar and Restaurant. Application for Class XI Restaurant/Lounge at 249 St. John Street ",https://content.civicplus.com/api/assets/dd37e688-0d00-4c8c-a695-1a07a491b97a?cache=1800,2021-12-20,,,
Order 120-21-22 (PDF),Order,"Order 120 -21/22 Granting Municipal Officers’ Approval of Cabana LLC, dba Cabana Restaurant. Application for Class I FSE at 111 Middle Street",https://content.civicplus.com/api/assets/ac43fdf4-8483-4efa-a56d-97c09a9fd291?cache=1800,2021-12-20,,,
Order 121-21-22 (PDF),Order,"Order Accepting and Appropriating a $429,496 Grant from the U.S. Small Business Administration to Support Merrill Auditorium Operating Costs",https://content.civicplus.com/api/assets/f67d4e25-1eaf-46f2-b33e-805b36c478f8?cache=1800,2021-12-20,2021-12-20,,
Order 122-21-22 (PDF),Order,"Order Accepting and Appropriating an Anonymous Donation of $2,500 For Those In Need",https://content.civicplus.com/api/assets/edbac1c6-e86e-400f-be91-e479c3d5ba25?cache=1800,2021-12-20,2021-12-20,,
Order 123-21-22 (PDF),Order,"Order Setting a Special Election Re: Portland Board of Public Education Election on June 14, 2022 ",https://content.civicplus.com/api/assets/f74da69b-7dde-42b8-8cc8-769099e31647?cache=1800,2021-12-20,2021-12-30,,
Order 124-21-22 (PDF),Order,Order Repealing the Declaration of an Emergency,https://content.civicplus.com/api/assets/1e38ef46-7d78-412c-b9d1-e7ec5f242109?cache=1800,2022-01-03,2022-01-13,,
Order 125-21-22 (PDF),Order,"Order Accepting and Appropriating a $9,940 grant from the State of Maine Department of Agriculture, Conservation and Forestry ",https://content.civicplus.com/api/assets/89b96e93-4a0f-4c70-b20d-64d05d48067f?cache=1800,2022-01-03,2022-01-13,,
Order 126-21-22 (PDF),Order,"Order 126 -21/22 Granting Municipal Officers’ Approval of Mitr LLC, dba Mitr. Application for Class I FSE at 1281 Congress Street",https://content.civicplus.com/api/assets/7c682de2-c7f3-4414-81f7-1335b40c2ed8?cache=1800,2022-01-03,,,
Order 127-21-22 (PDF),Order,"Order 127 -21/22 Granting Municipal Officers’ Approval of ZEL & Co., dba The Chadwick Bed and Breakfast.  Application for Class IV/V at 140 Chadwick Street",https://content.civicplus.com/api/assets/add4a025-7891-4ead-b0e0-6f600fb479dc?cache=1800,2022-01-03,,,
Order 128-21-22 (PDF),Order,"Order 128 -21/22 Granting Municipal Officers’ Approval of 425 Fore St Suite 500 LLC, dba Paper Tiger.  Application for Class I FSE with Outdoor Dining on Private Property at 425 Fore Street, Suite 104 ",https://content.civicplus.com/api/assets/75394441-1a83-45f4-b8f0-ae6050aa1be7?cache=1800,2022-01-03,,,
Order 129-21-22 (PDF),Order,Order Accepting the Charlotte Meaney-Bleier Award for Service at Portland High School Trust  Agreement,https://content.civicplus.com/api/assets/5e159d4e-bdb4-4491-bd18-13606a980a4d?cache=1800,2022-01-03,2022-01-13,,
Order 130-21-22 (PDF),Order,Order Appointing Local Health Officer Bridget Rauscher Constable,https://content.civicplus.com/api/assets/9878f7b4-7a97-433b-9d22-bbd9b15e9fee?cache=1800,2022-01-03,2022-01-03,,
Order 131-21-22 (PDF),Order,Order Amendment to Portland City Code Chapter 17 Re: Face Covering Mandate,https://content.civicplus.com/api/assets/6b97ed90-9fc4-4ff5-ab48-dacb9f6ab836?cache=1800,2022-01-03,2021-01-03,,
Order 133-21-22 (PDF),Order,"Order 133-21/22 Granting Municipal Officers’ Approval of Mack Bar Inc, dba Blackstone’s. Application for Class A Lounge with Indoor Entertainment at 6 Pine Street",https://content.civicplus.com/api/assets/683e2109-af7d-4a3e-b409-e0756ac5f18e?cache=1800,2022-01-19,,,
Order 134-21-22 (PDF),Order,"Order 134-21/22 Granting Municipal Officers’ Approval of HTLV Portland TRS LLC, dba The Press Hotel.  Application for Class IA Inn (41+ rooms) with Indoor Entertainment at 119 Exchange Street",https://content.civicplus.com/api/assets/dcb9e629-bb95-44a2-8548-d5d6e534ed4e?cache=1800,2022-01-19,,,
Order 135-21-22 (PDF),Order,Order Adopting the 2022 Cumberland County Hazard Mitigation Plan ,https://content.civicplus.com/api/assets/67a24a0c-7e16-4063-8182-5c0a530393b6?cache=1800,2022-01-19,2022-01-29,,
Order 136-21-22 (PDF),Order,Order Accepting the 2021 Annual Land Bank Report,https://content.civicplus.com/api/assets/ca0f54f1-20bb-4321-91eb-66cefb62b33f?cache=1800,2022-01-19,2022-01-29,,
Order 137-21-22 (PDF),Order,Order Approving and Appropriating a Federal Aviation Administration Airport Improvement Program Federal Fiscal Year 2022 Entitlement and Discretionary Grant,https://content.civicplus.com/api/assets/6d6c03d2-dacb-42c3-9229-a23ce2ad82ce?cache=1800,2022-02-07,2022-02-17,,
Order 138-21-22 (PDF),Order,Order Amendment to Portland City Code Chapter 17 Re: Sale of Flavored Tobacco Products Prohibited,https://content.civicplus.com/api/assets/b48923bd-c311-4d26-99fb-2cbda01978b0?cache=1800,2022-02-07,2022-03-09,,
Order 141-21-22 (PDF),Order,Order Repealing the Face Covering Mandate,https://content.civicplus.com/api/assets/2cfcb9c6-6e2a-4a0f-82b4-65ad121bda9a?cache=1800,2022-02-07,2022-02-17,,
Order 142-21-22 (PDF),Order,Order Approving a Three-Year Agreement with Cumulous Global for Google Workspace,https://content.civicplus.com/api/assets/52110c3f-7a3a-4958-b703-fb146b4ed3c6?cache=1800,2022-02-07,2022-02-17,,
Order 143-21-22 (PDF),Order,"Order Approving the Collective Bargaining Agreement with the American Federation of State, County and Municipal Employees (AFSCME) Local 481-07 Supervisors ",https://content.civicplus.com/api/assets/f709a97c-3b68-4ab3-9152-7847c74f7ba4?cache=1800,2022-02-28,2022-03-10,,
Order 146-21-22 (PDF),Order,Order Confirming the Appointment of Kari L. Twaite as Associate Corporation Counsel,https://content.civicplus.com/api/assets/e3cf0e8e-dffe-4f4a-990d-6245c253da70?cache=1800,2022-02-28,2022-03-10,,
Order 147-21-22 (PDF),Order,Order Extending Charter Review Commission Deadlines,https://content.civicplus.com/api/assets/516f7124-3901-457b-b3d1-fbc217c5827e?cache=1800,2022-02-28,2022-03-10,,
Order 148-21-22 (PDF),Order,Order Approving the Housing and Urban Development Citizen Participation Plan for the City of Portland ,https://content.civicplus.com/api/assets/d66c3471-9c40-4690-9e28-fe685091e3e8?cache=1800,2022-02-28,2022-03-10,,
Order 149-21-22 (PDF),Order,"Order Setting the Public Hearings on 2022-2026 Housing and Urban Development FiveYear Consolidated Plan, Fiscal Year 2023 Annual Action Plan and Appropriations for Community Development Block Grant Program, HOME Program, and Emergency Solutions Grant Program ",https://content.civicplus.com/api/assets/9a24f31c-d4a7-4325-88f0-b97033d4890f?cache=1800,2022-02-28,2022-03-10,,
Order 150-21-22 (PDF),Order,"Order Approving the Purchase and Sale Agreement with Dorothy Hale for Property at 834 Riverside Street, Accepting a $23,000 Donation from Allagash Brewing Company for that Purchase, and Placing that Land in the Portland Land Bank",https://content.civicplus.com/api/assets/4042ab7a-fb09-43e0-bfcd-d5ed0707e8ca?cache=1800,2022-02-28,2022-03-10,,
Order 151-21-22 (PDF),Order,Order Traffic Schedule Amendment Re: 101 York Street,https://content.civicplus.com/api/assets/50eca2ca-a8b6-42dc-9690-a13667ebd531?cache=1800,2022-03-07,2022-04-06,,
Order 152-21-22 (PDF),Order,Order Approving the Agreements between the Maine Department of Transportation and the City of Portland Re: Forest Avenue Paving ,https://content.civicplus.com/api/assets/f509ffc3-dd49-4708-9580-ff99e8cf02ff?cache=1800,2022-03-21,2022-03-31,,
Order 153-21-22 (PDF),Order,Order Amendment to Portland City Code Chapter 14 Re: Height Bonus in India Street Form-Based Code Zone ,https://content.civicplus.com/api/assets/e273a0e9-d6ff-4701-be53-78018574c45a?cache=1800,2022-03-07,2022-04-06,,
Order 160-21-22 (PDF),Order,Order Approving the Agreement between EVgo Services LLC and Portland Re: Electric Vehicle Charging Stations,https://content.civicplus.com/api/assets/19c29adc-fd22-4fa1-8912-8d288adda625?cache=1800,2022-03-07,2022-03-17,,
Order 161-21-22 (PDF),Order,"Order Accepting and Appropriating $37,500 in Donations for the Portland Youth Corps",https://content.civicplus.com/api/assets/3cc04f51-ab62-479f-a705-cff18a6400fa?cache=1800,2022-03-21,2022-03-31,,
Order 162-21-22 (PDF),Order,Order Approving the Maine Public Employees Retirement System Special Plan 3C for Certain Non-Union Employees,https://content.civicplus.com/api/assets/ef58c922-7ed1-4136-b79a-37114a56fba1?cache=1800,2022-03-21,2022-03-31,,
Order 163-21-22 (PDF),Order,"Order Authorizing General Obligation Bonds to Finance a Portion of the City's Fiscal Year 2023 Capital Improvement Program in an Amount not to Exceed $21,145,000",https://content.civicplus.com/api/assets/4903f200-e6ca-48be-9b6f-fb558bbb07d0?cache=1800,2022-03-21,2022-03-31,,
Order 164-21-22 (PDF),Order,"Order Appropriating Bond Proceeds and other Funds in an Amount not to Exceed $30,770,000 for the City's Fiscal Year 2023 Capital Improvement Program",https://content.civicplus.com/api/assets/20e447b3-4721-4f34-9c8c-11530a3d0085?cache=1800,2022-03-21,2022-03-31,,
Order 165-21-22 (PDF),Order,"Order Approving the Three-Party Agreement between the Portland Area Comprehensive Traffic System, Maine Department of Transportation and the City of Portland Re: Improvements to Cumberland Avenue",https://content.civicplus.com/api/assets/5fe251b8-b364-4370-8662-21f157988475?cache=1800,2022-03-21,2022-03-31,,
Order 166-21-22 (PDF),Order,Order Appointing John Arnold a Class C Director of the Portland Fish Exchange,https://content.civicplus.com/api/assets/aa0a846b-b81c-4795-b5c2-da1e18f0530c?cache=1800,2022-03-21,2022-03-31,,
Order 167-21-22 (PDF),Order,Order Appointing Members to Various Boards and Commissions,https://content.civicplus.com/api/assets/c9493959-4eff-4a52-a712-f149443d9e99?cache=1800,2022-03-21,2022-03-31,,
Order 168-21-22 (PDF),Order,Order Appointing Danielle P. West to the Executive Board of the Portland Technology Park Condominium Association,https://content.civicplus.com/api/assets/c60b34cc-42b4-4793-81c4-f99d63705e44?cache=1800,2022-03-21,2022-03-31,,
Order 169-21-22 (PDF),Order,Order Approving Transfer of Funds Under 15 M.R.S. §§5824(3) and 5826(6) Re: Russell Townsend,https://content.civicplus.com/api/assets/a11e147f-7830-4b98-bc9e-b6e43e873f8b?cache=1800,2022-03-21,2022-03-31,,
Order 170-21-22 (PDF),Order,Order Approving Transfer of Funds Under 15 M.R.S. §§5824(3) and 5826(6) Re: Ryan Egeland,https://content.civicplus.com/api/assets/41c9c4cf-464d-484d-a322-a4aea514f31d?cache=1800,2022-03-21,2022-03-31,,
Order 171-21-22 (PDF),Order,"Order Granting Municipal Officers’ Approval of Bread and Olive LLC, dba Bread and Olive. Application for Class XI Restaurant/Lounge at 937 Congress Street ",https://content.civicplus.com/api/assets/bb796b46-43dc-4f94-b826-47c5dfa1ee86?cache=1800,2022-03-21,,,
Order 172-21-22 (PDF),Order,Order Granting Municipal Officers’ Approval of Tangible Alchemy LLC dba Urban Farm Fermentory.  Renewal application for a Combined Entertainment license at 200 Anderson Street. This license will be conditioned per 4-55 (a) to state: Outdoor Entertainment must cease by 10:00pm and Indoor Entertainment must cease by 11:00pm. ,https://content.civicplus.com/api/assets/f00a697c-3623-4865-90c5-b19d520e55f8?cache=1800,2022-03-21,,,
Order 173-21-22 (PDF),Order,"Order Granting Municipal Officers’ Approval of Casablanca Tours LLC, dba Casablanca Tours. Application for Class I FSE with Combined Entertainment at 18 Custom House Wharf ",https://content.civicplus.com/api/assets/57fd6caa-2799-455d-b7cc-ffc9110675d2?cache=1800,2022-03-21,,,
Order 174-21-22 (PDF),Order,"Order Granting Municipal Officers’ Approval of Fermentation and Distillation LLC, dba Liquid Riot Bottling Company. Application for Indoor Entertainment at 250 Commercial Street",https://content.civicplus.com/api/assets/16ced796-018c-4eb9-ad44-6c1cb14dc4d8?cache=1800,2022-03-21,,,
Order 175-21-22 (PDF),Order,"Order Granting Municipal Officers’ Approval of Dock Fore Inc, dba Dock Fore. Application for Outdoor Dining on Public Property at 336 Fore Street",https://content.civicplus.com/api/assets/f5cdbdd8-5680-4577-b3fe-1c1a87ddd276?cache=1800,2022-03-21,,,
Order 176-21-22 (PDF),Order,"Order Granting Municipal Officers’ Approval of The Miranda Group, dba Blyth and Burrows. Application for Parklet Outdoor Dining at 26 Exchange Street",https://content.civicplus.com/api/assets/90b20367-a364-432b-9c51-ed37285ea0bd?cache=1800,2022-03-21,,,
Order 177-21-22 (PDF),Order,"Order Granting Municipal Officers’ Approval of Hello Portland LLC, dba Regards. Application for Outdoor Dining on Public Property at 547 Congress Street ",https://content.civicplus.com/api/assets/569f7112-1841-496c-ad33-3379a84cdcaa?cache=1800,2022-03-21,,,
Order 178-21-22 (PDF),Order,Order Renaming Farm Field in Payson Park the Ron A. Farr Field,https://content.civicplus.com/api/assets/dd3dff39-1757-4dfe-9b08-598985eb014c?cache=1800,2022-03-21,2022-03-31,,
Order 179-21-22 (PDF),Order,Order Accepting and Adopting the 2022 Jill C. Duson Housing Trust Fund Annual Plan,https://content.civicplus.com/api/assets/4157ec05-c1bb-43f7-a738-a18bf73ddbc6?cache=1800,2022-03-21,2022-03-31,,
Order 180-21-22 (PDF),Order,Order Approving City Application for Federal Funds to Dredge Public and Private Berthing and Vessel Support Resources and to Develop a Confined Aquatic Disposal (CAD) Cell in Portland Harbor,https://content.civicplus.com/api/assets/92e95cdb-66ee-417c-ae42-b2f5fcfd59ef?cache=1800,2022-03-21,2022-03-31,,
Order 181-21-22 (PDF),Order,Order Approving the Modification of Agreement between the Maine Department of Transportation and Portland Re: West Commercial Street Multi-Use Path,https://content.civicplus.com/api/assets/9949fef1-0574-4d23-beee-909aff81124f?cache=1800,2022-03-21,2022-03-31,,
Order 182-21-22 (PDF),Order,Order Approving the Agreement between the Maine Department of Transportation and the City of Portland Re: State Street Paving,https://content.civicplus.com/api/assets/d1023c3c-0f0c-4f1f-8794-0df278c7b712?cache=1800,2022-04-11,2022-04-21,,
Order 183-21-22 (PDF),Order,Order Appointing Election Clerks for 2022 to 2024,https://content.civicplus.com/api/assets/9b91e772-1f96-4966-ba8e-0b91a326a48a?cache=1800,2022-04-11,2022-04-21,,
Order 184-21-22 (PDF),Order,Order Appointing Wardens and Ward Clerks for the 2022-2023 Election Year,https://content.civicplus.com/api/assets/7c3aa2e3-0d1e-48dd-921d-05b66ffa6847?cache=1800,2022-04-11,2022-04-21,,
Order 185-21-22 (PDF),Order,"Order Opening and Closing the Polls for June 14, 2022 Re: State and Local Elections",https://content.civicplus.com/api/assets/b8733690-0add-4c01-9440-597b06a5f648?cache=1800,2022-04-11,2022-04-21,,
Order 199-21-22 (PDF),Order,Order Amending the Fiscal Year 2022 Appropriation Resolve Order 12-21/22 Regarding Additional General Assistance Expenditures,https://content.civicplus.com/api/assets/8fba1ec9-b8e8-4bed-a4a3-e2f7bcf50974?cache=1800,2022-04-11,2022-04-11,,
Order 200-21-22 (PDF),Order,Order Receiving and Referring to the Finance Committee the Portland Board of Public Education’s Fiscal Year 2023 Budget Estimate and Setting a Public Hearing Thereon,https://content.civicplus.com/api/assets/1b8fb4c7-f835-4aa8-9b0c-553db06ca72f?cache=1800,2022-04-11,2022-04-21,,
Order 201-21/22 (PDF),Order,"Order Declaring June 11, 2022 the Shipyard Old Port Half Marathon & 5K Festival",https://content.civicplus.com/api/assets/1b61dec9-ae81-444d-b336-b9a3e30c03d1?cache=1800,2022-04-25,2022-05-05,,
Order 202-21/22 (PDF),Order,"Order Declaring May 1 to October 31, 2022 the Friends of Congress Square Park In the Square Festival",https://content.civicplus.com/api/assets/69e69bb6-d123-4c32-8b1d-801ae01b7b07?cache=1800,,2022-05-05,,
Order 203-21/22 (PDF),Order,"Order Declaring June 18, 2022 as Pride Portland! Parade & Festival",https://content.civicplus.com/api/assets/b482a396-0e75-4951-93f6-a3a611aa7588?cache=1800,,2022-05-05,,
Order 204-21/22 (PDF),Order,"Order Declaring July 30, 2022 the 20th Annual Greater Portland Festival of Nations",https://content.civicplus.com/api/assets/1734ca67-0ae6-4369-b0ce-50d8bb4503a7?cache=1800,,2022-05-05,,
Order 224-21/22 (PDF),Order,Order Receiving and Referring the City Manager's Fiscal Year 2023 Municipal Budget to the Finance Committee and Setting Date of Public Hearing On the Fiscal Year 2023 Municipal Budget and Fiscal Year 2023 Appropriation Resolve,https://content.civicplus.com/api/assets/15eaa53c-ac29-417e-ba1d-6499d931df73?cache=1800,,2022-05-05,,
Order 225-21/22 (PDF),Order,"Order Approving the Purchase and Sale Agreement With Maine Cooperative Development Partners Re: 622 Auburn Street, Portland and 0 Gray Road, Falmouth",https://content.civicplus.com/api/assets/03d6079a-df47-49f0-b9f9-44c549259a5b?cache=1800,,2022-05-05,,
Order 226-21/22 (PDF),Order,Order Approving the First Amendment to the Purchase and Sale Agreement with Maine Cooperative Development Partners Re: 165 Lambert Street,https://content.civicplus.com/api/assets/be816b4f-719e-43db-8540-4c00d82e426f?cache=1800,,2022-05-05,,
Order 227-21/22 (PDF),Order,"Order Approving the Publication of a Request for Proposals for the Sale of the Former Fort McKinley Hospital Building, a Tax-Acquired Property at Diamond Cove",https://content.civicplus.com/api/assets/9f69c02d-c9d3-47cd-9a6b-2a41ee32b44c?cache=1800,,2022-05-05,,
Order 228-21/22 (PDF),Order,Order Granting a Central Maine Power Easement for Presumpscot School,https://content.civicplus.com/api/assets/eebf857e-3c48-46b3-8fe1-6e270385e059?cache=1800,2022-05-05,2022-05-05,,
Order 229-21/22 (PDF),Order,Order Approving the Interlocal Agreement among Cumberland County Soil & Water Conservation District and Greater Portland Municipal Separate Stormwater Sewer System Regulated Entities,https://content.civicplus.com/api/assets/c40feadc-4c2d-4aa7-935b-daf4862b29bd?cache=1800,,2022-05-05,,
Order 230-21/22 (PDF),Order,Order Approving the Issuance of the Overlimit Permit Agreement to the Maine Department of Transportation,https://content.civicplus.com/api/assets/5c4653aa-374c-4ea6-8a66-9d35396c8d79?cache=1800,,2022-05-05,,
Order 231-21/22 (PDF),Order,"Order Approving the Agreement between the City of Portland, the Greater Portland Council of Governments, and the Maine Department of Transportation Re: Portland-Libbytown Safety and Accessibility Project",https://content.civicplus.com/api/assets/0deb39aa-2d0c-48bb-afe7-92edf3dfdd3a?cache=1800,2022-05-02,2022-05-15,,
Order 232-21/22 (PDF),Order,Order Appointing Brentley Martin as Assistant Assessor,https://content.civicplus.com/api/assets/8c401359-27ba-464e-aafd-fb5cd1089441?cache=1800,2022-05-02,2022-05-02,,
Order 237-21-22 (PDF),Order,Order Approving State/Local EPS Funding Allocation for Public Education from Kindergarten to Grade 12 for Portland Public Schools for Fiscal Year 2023,https://content.civicplus.com/api/assets/03de3a85-38ea-4468-b32a-8f68302f9b7f?cache=1800,2022-05-16,2022-05-26,,
Order 238-21-22 (PDF),Order,Order Approving Non-State Funded School Construction Debt Service for Portland Schools for Fiscal Year 2023,https://content.civicplus.com/api/assets/3ca57460-00d4-4a04-ab20-5f874d0f5101?cache=1800,2022-05-16,2022-05-26,,
Order 239-21-22 (PDF),Order,Order Raising and Appropriating Additional Local Funds for Portland Schools for Fiscal Year 2023,https://content.civicplus.com/api/assets/5e85de41-bcf6-4564-94c9-c3ffa79542ef?cache=1800,2022-05-16,2022-05-26,,
Order 240-21-22 (PDF),Order,Order Approving Total School Operating Budget For Portland Schools for Fiscal Year 2023,https://content.civicplus.com/api/assets/3a83663a-725f-46e8-8dd5-42a5e34163bc?cache=1800,,2022-05-26,,
Order 241-21/22 (PDF),Order,"Order Appropriating and Raising Funds for Adult Education for Fiscal Year 2023 as required by the Maine Revised Statutes, Title 20-a §8603-a(1)",https://content.civicplus.com/api/assets/adcc2992-f22b-4361-ab49-790490c6968e?cache=1800,2022-05-16,2022-05-26,,
Order 242-21/22 (PDF),Order,Order to Raise and Appropriate Local Funds for Food Service in the Portland Public Schools for Fiscal Year 2023,https://content.civicplus.com/api/assets/8fa94877-65a5-4f3a-ba02-1e96a2272dfa?cache=1800,2022-05-16,2022-05-26,,
Order 243-21/22 (PDF),Order,Order Authorizing the Disposition of Any Additional State Subsidy Received for Portland Schools in Fiscal Year 2023,https://content.civicplus.com/api/assets/23c4d9df-3386-4e47-ae1d-846aa9cad01a?cache=1800,2022-05-16,2022-05-26,,
Order 244-21-22 (PDF),Order,Order Appointing William Needelman a Class E Director of the Portland Fish Exchange,https://content.civicplus.com/api/assets/33da90bb-2310-4230-8372-e5cb0e403905?cache=1800,2022-05-16,2022-05-26,,
Order 245-21/22 (PDF),Order,"Order Approving Fiscal Year 2023 Administrative Fees for the Police, Public Works, and Parks, Recreation & Facilities Departments",https://content.civicplus.com/api/assets/6f841ef7-6700-4a14-8a0e-01b8fe2ede74?cache=1800,2022-06-06,2022-07-01,,
Order 246-21/22 (PDF),Order,Order Authorizing the City Manager To Enter Into Certain Agreements To Implement the Fiscal Year 2023 Human Resources And Certain Fringe Benefits Budgets,https://content.civicplus.com/api/assets/91f5d14e-19d9-44cc-a12d-f373d713c6d4?cache=1800,2022-06-06,2022-06-16,,
Order 247-21/22 (PDF),Order,Order Re: Fiscal Year 2023 Self-insured Liability Program,https://content.civicplus.com/api/assets/f596ae26-70f7-4a91-9cee-fc082842b4d2?cache=1800,2022-06-06,2022-06-16,,
Order 248-21/22 (PDF),Order,"Order Authorizing the Director of Parks, Recreation & Facilities to Set Fees and Enter Rental Agreements for City Facilities",https://content.civicplus.com/api/assets/99fef377-f673-4b28-99f1-4eb4dafd05ae?cache=1800,2022-06-06,2022-06-16,,
Order 249-21/22 (PDF),Order,Order Authorizing the City Manager to Enter into Certain Agreements to Implement Fiscal Year 2023 Health & Human Services Budget,https://content.civicplus.com/api/assets/16587c83-91f4-435f-ac53-cd2ff5c15060?cache=1800,2022-06-06,2022-06-16,,
Order 250-21/22 (PDF),Order,Order Authorizing the City Manager to Accept Scholarship and Trust Donations and Bequests and to Enter into Trust Agreements,https://content.civicplus.com/api/assets/63ba0b0b-6c83-4adc-9a4c-e4e4a946ee1a?cache=1800,2022-06-06,2022-06-16,,
Order 251-21/22 (PDF),Order,"Order Authorizing the Director of Parks, Recreation & Facilities to Accept Donations for Parks, Recreation & Facilities Department Funds and Programs",https://content.civicplus.com/api/assets/df5c112c-f1de-4bd3-982a-3c240076ba24?cache=1800,2022-06-06,2022-06-16,,
Order 252-21/22 (PDF),Order,Order Authorizing Corporation Counsel to Undertake Civil Actions to Collect Delinquent Personal Property,https://content.civicplus.com/api/assets/73e30e33-1add-4381-b90e-c47d799d49c8?cache=1800,2022-06-06,2022-06-16,,
Order 253-21/22 (PDF),Order,Order Authorizing Non-Union Wage Adjustment,https://content.civicplus.com/api/assets/effcd62d-2286-4590-ae18-9b4dfd433aa6?cache=1800,2022-06-06,2022-06-16,,
Order 254-21-22 (PDF),Order,Order Designating Fiscal Year 2023 Funds for Specific Island Services,https://content.civicplus.com/api/assets/ee2128a4-2c64-49af-b90e-bdc76eb26eeb?cache=1800,2022-06-06,2022-06-16,,
Order 255-21/22 (PDF),Order,"Order Appropriating $3,200,000 in Assigned Fund Balance",https://content.civicplus.com/api/assets/b0c74369-8282-4439-b62c-0e4a64744d85?cache=1800,2022-06-06,2022-06-16,,
Order 256-21/22 (PDF),Order,"Order Amendment to Portland City Code Chapters 5, 24, 25, and 28 Re: Various Fee Increases for Fiscal Year 2023",https://content.civicplus.com/api/assets/8ec151b9-434f-4339-a7d3-60aecb1f201a?cache=1800,2022-06-06,2022-07-01,,
Order 257-21-22 (PDF),Order,Order Fiscal Year 2022-2023 Appropriation Resolve,https://content.civicplus.com/api/assets/1e562f07-41a3-4c67-8aa5-231c03e0ce01?cache=1800,2022-06-06,2022-06-16,,
Order 258-21/22 (PDF),Order,Order Accepting Benjamin Way as a City Way,https://content.civicplus.com/api/assets/0da1a7ac-edf8-4ef9-ad11-e25f2d805083?cache=1800,2022-05-18,2022-05-02,,
Order 262-21-22 (PDF),Order,"Order Appointing Constables for the Parking Division, Police Department, and Parks, Recreation & Facilities Department",https://content.civicplus.com/api/assets/9861ab9a-4405-4161-8feb-152754df368c?cache=1800,2022-06-06,2022-06-16,,
Order 263-21/22 (PDF),Order,Order Appointing Councilor Mark Dion to the Greater Portland Council of Governments General Assembly,https://content.civicplus.com/api/assets/af383567-3e13-46b9-ac5b-9d059cde12bf?cache=1800,2022-06-06,2022-06-16,,
Order 264-21-22 (PDF),Order,Order Confirming the Appointment of Melissa Cowie as Interim City Clerk,https://content.civicplus.com/api/assets/a8af94a7-a2b8-4318-961a-2797ba1b88d6?cache=1800,2022-06-06,2022-06-16,,
Order 265-21-22 (PDF),Order,Order Approving Residential Parking Permit Extension Re: Islander Parking,https://content.civicplus.com/api/assets/f18231dd-a39f-4cbc-a561-365a47d71fa9?cache=1800,2022-06-06,2022-06-16,,
Order 266-21-22 (PDF),Order,"Order Declaring July 4, 2022 the July 4th Festival",https://content.civicplus.com/api/assets/bbaf73c9-98e3-4ad0-b068-776d59929e48?cache=1800,2022-06-06,2022-06-16,,
Order 276-21-22 (PDF),Order,Order Approving a Three-Year Extension of the Signatory Airline Operating Agreement and Lease at the Portland International Jetport,https://content.civicplus.com/api/assets/3e846a3b-69ce-4f20-a8ad-9d0212ed1f0b?cache=1800,2022-06-06,2022-06-06,,
Order 287-21-22 (PDF),Order,Order Confirming the Appointment of Ashley Rand as City Clerk,https://content.civicplus.com/api/assets/bab6fe52-405a-4bed-8c09-caa5c939f38c?cache=1800,2022-06-06,2022-06-16,,
Order 1-22-23 (PDF),Order,Order Appointing Members to Various Boards and Commissions,https://content.civicplus.com/api/assets/e43ec732-e4bb-4add-9237-3d186b26afcf?cache=1800 ,2022-07-11,2022-07-21,,
Order 2-22-23 (PDF) ,Order,ORDER CONFIRMING THE APPOINTMENT OF AMY R. MCNALLY AS ASSOCIATE CORPORATION COUNSEL ,https://content.civicplus.com/api/assets/238ddc34-8c33-4dbc-87e6-8c2860d9c74b?cache=1800,2022-07-12,2022-07-21,,
Order 13-22/23 (PDF),Order,"Order Approving an Agreement with Baker Tilley US, LLP for Phase 1 of a City Manager Search ",https://content.civicplus.com/api/assets/053ce5ee-4c40-4786-94ec-91f3a07bac1a?cache=1800,2022-07-11,2022-07-21,,
Order 14-22/23 (PDF),Order,ORDER APPROVING THE AGREEMENT BETWEEN THE MAINE DEPARTMENT OF TRANSPORTATION AND PORTLAND RE: PORTLAND TRANSPORTATION CENTER/FORE RIVER PARKWAY TRAIL PATHWAY DESIGN ,https://content.civicplus.com/api/assets/b3c992e3-996b-47ed-bbdb-a8f285e29e70?cache=1800,2022-07-11,2022-07-21,,
Order 15-22/23 (PDF),Order,"ORDER APPROVING ASSIGNMENT OF TAX INCREMENT FINANCING DISTRICT CREDIT ENHANCEMENT AGREEMENT HELD BY ATLANTIC BAYSIDE TRUST, LLC TO PORTLAND MOB PARTNERS LLC",https://content.civicplus.com/api/assets/190b2fe2-b0b7-45e5-9a0b-2f80a1512efa?cache=1800,2022-07-11,2022-07-21,,
Order 16-22/23 (PDF),Order,ORDER AMENDING THE MUNICIPAL DEVELOPMENT PROGRAM OF THE FRONT STREET HOUSING REDEVELOPMENT AFFORDABLE HOUSING DEVELOPMENT DISTRICT ,https://content.civicplus.com/api/assets/2418c6a9-7af7-4b87-8ae0-ba4fd2480d60?cache=1800,2022-07-11,2022-07-21,,
Order 17-22/23 (PDF),Order,"ORDER AMENDING THE CREDIT ENHANCEMENT AGREEMENT FOR PHASE 1 OF THE FRONT STREET HOUSING REDEVELOPMENT WITH FRONT STREET HOUSING REDEVELOPMENT, LP ",https://content.civicplus.com/api/assets/7507036e-54ca-4ace-be38-7e196f55a85f?cache=1800,2022-07-11,2022-07-21,,
Order 18-22/23 (PDF),Order,"ORDER APPROVING AND AUTHORIZING THE CREDIT ENHANCEMENT AGREEMENT FOR PHASE 2 OF THE FRONT STREET HOUSING REDEVELOPMENT
WITH FRONT STREET HOUSING REDEVELOPMENT PHASE TWO, LP",https://content.civicplus.com/api/assets/ece54f66-267e-4e87-bef1-e538fa8dbadc?cache=1800,2022-07-11, 7/21/22,,
Order 19-22/23 (PDF),Order,ORDER SETTING A PUBLIC HEARING ON CITIZEN INITIATIVE AMENDMENT 1 TO PORTLAND CITY CODE,"
https://content.civicplus.com/api/assets/596e3f51-4a6b-41c9-bf7a-cb2898bbc934?cache=1800",2022-07-11,2022-07-21,,
Order 20-22/23 (PDF),Order,ORDER SETTING A PUBLIC HEARING ON CITIZEN INITIATIVE AMENDMENT 2 TO PORTLAND CITY CODE,https://content.civicplus.com/api/assets/8557f1cc-12c3-4968-bab7-af109d961a6d?cache=1800,2022-07-11,2022-07-21,,
Order 21-22/23 (PDF),Order,ORDER SETTING A PUBLIC HEARING ON CITIZEN INITIATIVE AMENDMENT 3 TO PORTLAND CITY CODE,https://content.civicplus.com/api/assets/a8e46d2b-6a80-4205-95d5-53833ac16ec6?cache=1800,2022-07-11,2022-07-21,,
Order 22-22/23 (PDF),Order,ORDER SETTING A PUBLIC HEARING ON CITIZEN INITIATIVE AMENDMENT 4 TO PORTLAND CITY CODE,https://content.civicplus.com/api/assets/9adbea4c-e471-43a8-8568-ac31002d1164?cache=1800,2022-07-11,2022-07-21,,
Order 23-22/23 (PDF),Order,ORDER SETTING A PUBLIC HEARING ON CITIZEN INITIATIVE AMENDMENT 5 TO PORTLAND CITY CODE,https://content.civicplus.com/api/assets/250c5fef-9d3f-4ca1-8d5e-9b111c701c3c?cache=1800,2022-07-11,2022-07-21,,
Order 24-22-23 (PDF),Order,"ORDER APPROVING THE
CONTRACT BETWEEN THE CITY OF PORTLAND AND THE CITY EMPLOYEES BENEFIT ASSOCIATION",https://content.civicplus.com/api/assets/f9adff58-bf79-4a36-ac28-d8f112e96084?cache=1800,2022-08-08,2022-08-18,,
Order 25-22-23 (PDF),Order,ORDER APPROVING THE COLLECTIVE BARGAINING AGREEMENT WITH THE COMMUNICATIONS EMPLOYEES ASSOCIATION ,https://content.civicplus.com/api/assets/90a61b87-08cd-46f4-8ee0-244c3239e402?cache=1800,2022-08-08,2022-08-18,,
Order 26-22/23 (PDF),Order,ORDER CONFIRMING THE MAINE PUBLIC EMPLOYEES RETIREMENT SYSTEM SPECIAL PLAN 3C FOR CERTAIN UNION MEMBERS OF THE COMMUNICATIONS EMPLOYEES ASSOCIATION,https://content.civicplus.com/api/assets/3d030c9e-bf5a-4064-9ad7-8b6834954f39?cache=1800,2022-08-08,2022-08-18,,
Order 27-22-23 (PDF),Order,ORDER INCREASING TOW COMPANY FEES ,https://content.civicplus.com/api/assets/1d24f51e-c2a4-4a29-8f47-5152e3a35557?cache=1800,2022-08-08,2022-08-18,,
Order 28-22-23 (PDF),Order,ORDER APPOINTING ANDY MARTIN CONSTABLE FOR THE PARKING DIVISION ,https://content.civicplus.com/api/assets/68158e44-dadd-4db2-982d-974442a6e4e1?cache=1800,2022-08-08,2022-08-18,,
Order 29-22-23 (PDF),Order,ORDER APPOINTING DENA LIBNER TO THE BOARD OF DIRECTORS OF ECOMAINE ,https://content.civicplus.com/api/assets/62d559e9-158d-47e5-b657-8b14028e3090?cache=1800,2022-08-08,2022-08-18,,
Order 36-22-23 (PDF),Order,ORDER SETTING ELECTION DATE ON A CITIZEN INITIATIVE AMENDMENT TO THE PORTLAND CITY CODE,https://content.civicplus.com/api/assets/7b3daf8d-f853-4846-adc6-aa6b5fcdc140?cache=1800,2022-08-08,2022-08-18,,
Order 37-22-23 (PDF),Order,ORDER SETTING ELECTION DATE ON A CITIZEN INITIATIVE AMENDMENTTO THE PORTLAND CITY CODE,https://content.civicplus.com/api/assets/bd154705-a285-4261-80de-8dcecbf425b8?cache=1800,2022-08-08,2022-08-18,,
Order 38-22-23 (PDF),Order,ORDER SETTING ELECTION DATE ON A CITIZEN INITIATIVE AMENDMENT TO THE PORTLAND CITY CODE,https://content.civicplus.com/api/assets/a6689a75-7b10-4df1-b9db-5c4c9d492496?cache=1800,2022-08-08,2022-08-18,,
Order 39-22-23 (PDF),Order,ORDER SETTING ELECTION DATE ON A CITIZEN INITIATIVE AMENDMENT TO THE PORTLAND CITY CODE,https://content.civicplus.com/api/assets/fc5a1465-dd10-4fe9-9914-9540ca992ec5?cache=1800,2022-08-08,2022-08-18,,
Order 40-22-23 (PDF),Order,ORDER SETTING ELECTION DATE ON A CITIZEN INITIATIVE AMENDMENT TO THE PORTLAND CITY CODE,https://content.civicplus.com/api/assets/8823051d-d9b7-4e2e-abc6-d570c812a7e9?cache=1800,2022-08-08,2022-08-18,,
Order 41-22-23 (PDF),Order,ORDER SETTING A PUBLIC HEARING ON COUNCIL-INITIATED CHARTER AMENDMENT RE: GENDER-NEUTRAL LANGUAGE,https://content.civicplus.com/api/assets/674b2211-dd34-42a6-9a84-9b2c375ae438?cache=1800,2022-08-08,2022-08-18,,
Order 42-22-23 (PDF),Order,ORDER SETTING A PUBLIC HEARING ON THE CHARTER COMMISSION'S BALLOT QUESTIONS AND SUMMARIES,https://content.civicplus.com/api/assets/ae0a566e-6f9f-4fa1-84d4-b5d23df83bf0?cache=1800,2022-08-08,2022-08-18,,
Order 43-22/23 (PDF),Order,ORDER APPROVING PROPOSED BALLOT QUESTIONS AND SUMMARIES RE: CHARTER COMMISSION MODIFICATIONS TO PORTLAND CITY CHARTER ,https://content.civicplus.com/api/assets/8977850d-22f1-4fb9-9e21-5e91a1dcc86a?cache=1800,2022-09-01,2022-09-11,,
Order 44-22/23 (PDF),Order,"ORDER APPROPRIATING AN ADDITIONAL $255,800 IN HOME INVESTMENT PARTNERSHIP PROGRAM FUNDS TO COMMUNITY HOUSING OF MAINE RE: 83 MIDDLE STREET ",https://content.civicplus.com/api/assets/c2c78a4f-8ef6-491f-8ab4-e66d31e94d0a?cache=1800,2022-09-01,2022-09-11,,
Order 45-22/23 (PDF),Order,ORDER APPROVING AND APPROPRIATING A FEDERAL AVIATION ADMINISTRATION AIRPORT INFRASTRUCTURE GRANTS FOR FEDERAL FISCAL YEAR 2022 ,https://content.civicplus.com/api/assets/5c7af9a8-529a-4aba-80b4-1d1873e61158?cache=1800,2022-09-01,2022-09-11,,
Order 46-22/23 (PDF),Order,"ORDER ACCEPTING AND APPROPRIATING A $279,000 LAND FOR MAINE'S FUTURE GRANT FOR THE NORTH DEERING CONSERVATION AND RECREATION LAND PROJECT",https://content.civicplus.com/api/assets/2d656d35-0762-499d-b2fc-237af64b28f1?cache=1800,2022-09-01,2022-09-11,,
Order 47-22/23 (PDF),Order,"ORDER ACCEPTING AND APPROPRIATING A $161,000 DONATION FROM THE PORTLAND PARKS CONSERVANCY FOR THE RIVERTON TROLLEY PARK PROJECT ",https://content.civicplus.com/api/assets/1406ada2-fc6f-4681-9f63-dbc98c17e8a9?cache=1800,2022-09-01,2022-09-11,,
Order 51-22/23 (PDF),Order,ORDER APPOINTING SARAH COLTON CONSTABLE FOR THE PUBLIC WORKS DEPARTMENT ,https://content.civicplus.com/api/assets/a0feec08-2fd1-409c-98fa-5b2060cc39c1?cache=1800,2022-09-01,2022-09-11,,
Order 54-22/23 (PDF),Order,"ORDER ACCEPTING AND APPROPRIATING AN $11,472.50 DONATION FOR THE WESTERN PROMENADE GAZEBO ",https://content.civicplus.com/api/assets/4064ec75-b749-468b-8bd7-ec9ccd91733d?cache=1800,2022-09-01,2022-09-11,,
Order 55-22/23 (PDF),Order,ORDER APPROVING MEMORANDUM OF UNDERSTANDING BETWEEN THE CITY OF PORTLAND AND THE FRIENDS OF FORT GORGES ,https://content.civicplus.com/api/assets/246bf0f4-f816-4f4f-8a39-ba290c76b29c?cache=1800,2022-09-01,2022-09-11,,
Order 56-22/23 (PDF),Order,ORDER ACCEPTING FOUR SIDEWALK EASEMENTS ALONG RIVERSIDE STREET ,https://content.civicplus.com/api/assets/66ae66f0-abed-4d7b-874f-7e67e91de3b8?cache=1800,2022-09-01,2022-09-01,,
Order 57-22/23 (PDF),Order,ORDER GRANTING A BARRON CENTER EASEMENT TO PORTLAND WATER DISTRICT RE: REPLACEMENT OF A 12-INCH WATER MAIN ,https://content.civicplus.com/api/assets/78094214-4179-46b6-9bd3-f46be35d3e74?cache=1800,2022-09-01,2022-09-01,,
Order 58-22-23 (PDF),Order,"ORDER APPROVING THE COLLECTIVE BARGAINING AGREEMENT WITH
THE AMERICAN FEDERATION OF STATE, COUNTY AND MUNICIPAL EMPLOYEES (AFSCME) LOCAL 481-00 LABOR & TRADES ",https://content.civicplus.com/api/assets/456aaa7a-2432-47ef-9dfc-5b2b6d7adf80?cache=1800,2022-09-19,2022-09-29,,
Order 59-22-23 (PDF),Order,AMENDMENT TO TRAFFIC SCHEDULE RE: THAMES STREET ,https://content.civicplus.com/api/assets/18c09015-5ca9-4e34-b633-5236ff57f519?cache=1800,2022-09-19,2022-10-19,,
Order 60-22-23 (PDF),Order,AMENDMENT TO PORTLAND CITY CODE CHAPTER 34 (PESTICIDES)RE: LANDCARE ORDINANCE ,https://content.civicplus.com/api/assets/24c8275c-72dc-4147-bbbf-954eded1c057?cache=1800,2022-09-19,2023-03-19,,
Order 61-22-23 (PDF),Order,ORDER AMENDING THE PORTLAND FISH PIER AUTHORITY ARTICLES OF INCORPORATION,https://content.civicplus.com/api/assets/90f650b2-781b-4dc9-ae70-5a3eb6e61d94?cache=1800,2022-09-19,2022-09-29,,
Order 62-22-23 (PDF),Order,ORDER AMENDING THE PORTLAND FISH EXCHANGE BYLAWS,https://content.civicplus.com/api/assets/9a9b0f2e-8499-428d-991d-aed231a77740?cache=1800,2022-09-19,2022-09-29,,
Order 63-22-23 (PDF),Order,ORDER APPOINTING GYNT GRUBE AS ASSISTANT ASSESSOR ,https://content.civicplus.com/api/assets/4c37013f-deb2-4cd0-9698-eb9ec3a8a18b?cache=1800,2022-09-19,2022-09-19,,
Order 65-22-23 (PDF),Order,ORDER APPROVING TRANSFER OF FUNDS UNDER15 M.R.S. §§ 5824(3) and 5826(6) RE: AMANDA BENWELL ,https://content.civicplus.com/api/assets/8cf98392-2bc3-4019-a84a-52cde801bf8a?cache=1800,2022-09-19,2022-09-29,,
Order 69-22-23 (PDF),Order,ORDER LAYING OUT A TOWN WAY/CITY STREET PURSUANT TO 23 M.R.S.A. § 3022 RE: THE THAMES STREET EXTENSION ,https://content.civicplus.com/api/assets/6ab3c0ed-da15-4af2-a448-810bedb763a2?cache=1800,2022-09-19,2022-09-29,,
Order 70-22-23 (PDF),Order,ORDER APPROVING RESIDENTIAL PARKING PERMIT EXTENSION RE: ISLANDER PARKING ,https://content.civicplus.com/api/assets/ca9b20c9-ce5f-47d3-95d2-d7c3f174eb7d?cache=1800,2022-09-19,2022-09-29,,
Order 73-22-23 (PDF),Order,"ORDER ACCEPTING AND APPROPRIATING A $3,000,000 GRANT FROM THE UNITED STATES ENVIRONMENTAL PROTECTION AGENCY FOR THE CITY'S BROWNFIELD REVOLVING LOAN FUND ",https://content.civicplus.com/api/assets/de1fbc9d-226a-49dc-ade4-1507583bfdcb?cache=1800,2022-10-03,2022-10-13,,
Order 72-22-23 (PDF),Order,"ORDER ACCEPTING AND APPROPRIATING A $200,904 FEDERAL EMERGENCY MANAGEMENT AGENCY ASSISTANCE TO FIREFIGHTERS GRANT AND APPROPRIATING $21,040.91 AS THE LOCAL MATCH ",https://content.civicplus.com/api/assets/d745d684-52cc-4b3b-9a2e-7ec5a744a82b?cache=1800,2022-09-19,2022-09-19,,
Order 74-22-23 (PDF),Order,"ORDER SETTING THE TIME FOR OPENING AND CLOSING THE POLLS ON NOVEMBER 8, 2022 RE: GENERAL AND MUNICIPAL ELECTION ",https://content.civicplus.com/api/assets/1297f06c-8c60-458b-97f8-023c598e86c4?cache=1800,2022-10-03,2022-10-13,,
Order 75-22-23 (PDF),Order,ORDER ESTABLISHING THE CITY COUNCIL RULES COMMITTEE ,https://content.civicplus.com/api/assets/aec3752f-68fc-4584-9d62-8076a69e9a64?cache=1800,2022-10-03,2022-10-13,,
Order 76-22-23 (PDF),Order,ORDER APPROVING TRANSFER OF FUNDS UNDER 15 M.R.S. §§ 5824(3) and 5826(6) RE: JASON BOSTON ,https://content.civicplus.com/api/assets/44d41631-9e8b-4189-ab5b-52dbd8a56a18?cache=1800,2022-10-03,2022-10-13,,
Order 81-22-23 (PDF),Order,ORDER APPOINTING MEMBERS TO VARIOUS BOARDS AND COMMITTEES,https://content.civicplus.com/api/assets/935ec0ec-376d-46c2-8a09-1a0fccef5593?cache=1800,2022-10-03,2022-10-13,,
Order 82-22-23 (PDF),Order,ORDER GRANTING A CENTRAL MAINE POWER EASEMENT RE: EVGO CHARGING STATION AT SPRING AND HIGH STREETS ,https://content.civicplus.com/api/assets/d7085ab5-0b07-4710-9ef3-878c69f68de1?cache=1800,2022-10-03,2022-10-13,,
Order 83-22-23 (PDF),Order,ORDER DESIGNATING THE 45 DOUGHERTY STREET AFFORDABLE HOUSING DEVELOPMENT DISTRICT AND TAX INCREMENT FINANCING DISTRICT AND ADOPTING THE MUNICIPAL DEVELOPMENT PROGRAM FOR THE DISTRICT ,https://content.civicplus.com/api/assets/a8b09451-aef0-40b8-bd74-02c07b1dcf55?cache=1800,2022-10-17,2022-10-27,,
Order 84-22-23 (PDF),Order,ORDER APPROVING THE 45 DOUGHERTY STREET AFFORDABLE HOUSING CREDIT ENHANCEMENT AGREEMENT WITH 45 DOUGHERTY LP ,https://content.civicplus.com/api/assets/5ba8eb0d-c4c7-4d95-bb68-d1d2a763c863?cache=1800,2022-10-17,2022-10-27,,
Order 86-22-23 (PDF),Order,ORDER DESIGNATING THE BURNHAM AND MORRILL CANNERY BUILDING AT 1 BEANPOT CIRCLE AS A LANDMARK ,https://content.civicplus.com/api/assets/503df486-de68-446b-b4be-c9362cd03434?cache=1800,2022-10-17,2022-10-27,,
Order 87-22-23 (PDF),Order,"ORDER APPROVING A RADIO SYSTEM MAINTENANCE CONTRACT WITH MOTOROLA SOLUTIONS, INC. ",https://content.civicplus.com/api/assets/5d08eea8-bad6-41ee-b9b1-fa10e3b89c25?cache=1800,2022-10-17,2022-10-17,,
Order 88-22-23 (PDF),Order,ORDER APPOINTING DIRECTORS OF THE PORTLAND WIDOWS’ WOOD SOCIETY FOR THE 2022-2023 TERM ,https://content.civicplus.com/api/assets/14b6113b-fe25-4c83-ab7e-52ab3b2d4f20?cache=1800,2022-10-17,2022-10-27,,
Order 89-22-23 (PDF),Order,ORDER APPROVING AN AGREEMENT BETWEEN THE MAINE DEPARTMENT OF TRANSPORTATION AND PORTLAND RE: MODIFICATION 3 OF WASHINGTON AVENUE IMPROVEMENTS ,https://content.civicplus.com/api/assets/182136bd-d873-4b02-ae16-d8f5925c9b50?cache=1800,2022-11-14,2022-11-24,,
Order 90-22-23 (PDF),Order,ORDER APPOINTING MICHAEL GOLDMAN AS ACTING CORPORATION COUNSEL ,https://content.civicplus.com/api/assets/22e7399b-a335-4d1b-af2a-2a7c67748b97?cache=1800,2022-11-14,2022-11-14,,
Order 91-22-23 (PDF),Order,ORDER CONFIRMING THE APPOINTMENT OF NICOLE M. ALBERT AS ASSOCIATE CORPORATION COUNSEL ,https://content.civicplus.com/api/assets/241c4168-480d-460e-a77a-34f408fa009b?cache=1800,2022-11-14,2022-11-28,,
Order 94-22-23 (PDF),Order,ORDER ACCEPTING THE PORTLAND PUBLIC ART COMMITTEE FISCAL YEAR 2022 ANNUAL REPORT AND FISCAL YEAR 2023 BUDGET PLAN ,https://content.civicplus.com/api/assets/5f1ed436-9a7b-43aa-9eaa-9369023c4321?cache=1800,2022-11-14,2022-11-24,,
Order 95-22-23 (PDF),Order,"ORDER APPROVING AND APPROPRIATING $31,765 IN CARING COMMUNITY GRANTS FROM MAINE MEDICAL CENTER ",https://content.civicplus.com/api/assets/b9164dba-0ad7-49f6-9abe-c753f3c5a4f7?cache=1800,2022-11-14,2022-12-01,,
Order 96-22-23 (PDF),Order,ORDER APPROVING MODIFICATION TWO TO AN AGREEMENT BETWEEN THE MAINE DEPARTMENT OF TRANSPORTATION AND THE PORTLAND RE: WEST COMMERCIAL STREET PATHWAY ,https://content.civicplus.com/api/assets/698004b1-b113-4c44-91cd-6d6928b34143?cache=1800,2022-11-14,2022-11-24,,
Order 97-22-23 (PDF),Order,ORDER APPROVING SUBSTANTIAL AMENDMENT TO THE 2022-2026 HOUSING AND URBAN DEVELOPMENT CONSOLIDATED PLAN AND 2022-2023 ANNUAL ACTION PLAN RE: ALLOCATION OF REMAINING FISCAL YEAR 2023 COMMUNITY DEVELOPMENT BLOCK GRANT FUNDING ,https://content.civicplus.com/api/assets/c1d46e08-ba93-40ea-bd13-870eff6cd5f7?cache=1800,2022-11-21,2022-12-01,,
Order 98-22-23 (PDF),Order,"ORDER APPROVING AND APPROPRIATING $80,000 FROM THE LAND BANK FUND TOWARD THE PURCHASE OF NORTH DEERING PARK LAND AND PLACING THAT LAND IN THE PORTLAND LAND BANK ",https://content.civicplus.com/api/assets/77ac3505-406a-4f7c-8641-b46d529019b2?cache=1800,2022-11-14, 12/1/22,,
Order 99-22-23 (PDF),Order,ORDER APPROVING THE COLLECTIVE BARGAINING AGREEMENT WITH THE PROFESSIONAL AND TECHNICAL CITY EMPLOYEE ASSOCIATION ,https://content.civicplus.com/api/assets/6b2b1035-e19b-4284-9c59-865216b4f03e?cache=1800,2022-11-14,2022-12-01,,
Order 100-22-23 (PDF),Order,"ORDER APPROPRIATING $12,850,000 IN AMERICAN RESCUE PLAN ACT FUNDING",https://content.civicplus.com/api/assets/1a58b029-2274-4d47-89f5-6c57033aba5c?cache=1800,2022-11-21,2022-12-01,,
Order 101-22-23 (PDF),Order,AMENDMENT TO ZONING MAP RE: 50 COUNTY WAY FROM IL LOW IMPACT INDUSTRIAL TO B-2 ,https://content.civicplus.com/api/assets/db745b7e-e75e-4b1d-b211-9c0905419405?cache=1800,2022-11-21,2022-12-01,,
Order 103-22-23 (PDF),Order,ORDER APPOINTING COUNCILOR PIOUS ALI AS MAYOR PRO TEMPORE ,https://content.civicplus.com/api/assets/9458449d-0be7-48c9-a145-3700773dc3e2?cache=1800,2022-12-05,2022-12-15,,
Order 104-22-23 (PDF),Order,ORDER APPOINTING STANDING COMMITTEES AND LIBRARY TRUSTEE FOR 2022-2023 ,https://content.civicplus.com/api/assets/417d31cc-cd75-4ddb-bf2d-a610418f8aae?cache=1800,2022-12-05,2022-12-15,,
Order 105-22-23 (PDF),Order,ORDER CONFIRMING THE APPOINTMENT OF RACHEL L. MILLETTE AS ASSOCIATE CORPORATION COUNSEL ,https://content.civicplus.com/api/assets/d23ab699-24f0-4503-b10a-0e280e50fa1c?cache=1800,2022-12-19,2022-12-29,,
Order 106-22-23 (PDF),Order,ORDER APPOINTING CONSTABLES FOR 2023,https://content.civicplus.com/api/assets/9793874e-99b4-44d8-aa7d-bbb1dc244ac1?cache=1800,2022-12-19,2022-12-29,,
Order 107-22-23 (PDF),Order,ORDER AUTHORIZING SPECIAL COUNCIL AND OUTSIDE BOARD AND COMMISSION APPOINTMENTS FOR 2023 ,https://content.civicplus.com/api/assets/be1ae180-bd02-4761-a39c-25c91db3f012?cache=1800,2022-12-19,2022-12-29,,
Order 115-22-23 (PDF),Order,"ORDER ACCEPTING AND APPROPRIATING AN ANONYMOUS $5,000 DONATION FOR THOSE IN NEED",https://content.civicplus.com/api/assets/7f679959-1a9e-4ba0-8bde-568a9c3c3c1a?cache=1800,2022-12-19,2022-12-19,,
Order 116-22-23 (PDF),Order,"ORDER APPROVING THE SIXTH AMENDMENT OF THE LAND EXCHANGE AGREEMENT BETWEEN CPB2 MANAGEMENT LLC, MAINE DEPARTMENT OF TRANSPORTATION AND THE CITY OF PORTLAND RE: 58 FORE STREET ",https://content.civicplus.com/api/assets/c478353f-5f3c-4f99-9ada-de5288e909fd?cache=1800,2022-12-19,2022-12-29,,
Order 118-22-23 (PDF),Order,ORDER APPOINTING DUANE COTE CONSTABLE FOR 2023 ,https://content.civicplus.com/api/assets/72518d4c-9b4a-40cd-bd24-a67fdda192ed?cache=1800,2023-01-04, 1/14/2023,,
Order 118-A-22-23 (PDF),Order,ORDER APPOINTING COUNCILOR APRIL FOURNIER TO THE MAINE MUNICIPAL ASSOCIATION LEGISLATIVE POLICY COMMITTEE ,https://content.civicplus.com/api/assets/761e6896-befe-4af9-b9ee-bc1b52fbed02?cache=1800,2023-01-18,2023-01-28,,
Order 119-22-23 (PDF),Order,ORDER APPOINTING GYNT GRUBE AS INTERIM ASSESSOR ,https://content.civicplus.com/api/assets/3e937a73-37b7-4c02-bedf-a7632d81075f?cache=1800,2023-01-04,2023-01-04,,
Order 123-22-23 (PDF),Order,"ORDER ACCEPTING AND APPROPRIATING A $17,000 COMMUNITY RESILIENCE PARTNERSHIP COMMUNITY ACTION GRANT ",https://content.civicplus.com/api/assets/7c26c0cd-878c-4ef9-b148-319aa799bfba?cache=1800,2023-01-18,2023-01-28,,
Order 124-22-23 (PDF),Order,"ORDER ACCEPTING AND APPROPRIATING A $9,000 MAINE DEPARTMENT OF ENVIRONMENTAL PROTECTION WASTE DIVERSION GRANT ",https://content.civicplus.com/api/assets/e33c6908-a65f-4091-b6e5-3b53b9d1468c?cache=1800,2023-01-18,2023-01-28,,
Order 125-22/23 (PDF),Order,"Motion to amend to add additional entities and people to the Citizen Advisory Board, in Chapter 14. Section 8.5.7.I.1.c.as follows: ""...the group shall be comprised of representatives of interested groups",https://content.civicplus.com/api/assets/f9a028f8-0621-4b01-a356-5f5b40c929dd?cache=1800,2023-02-06,2023-03-08,,
Order 126-22-23 (PDF),Order,AMENDMENT TO ZONING MAP RE: B-5 URBAN COMMERCIAL ZONE FOR ROUX INSTITUTE,https://content.civicplus.com/api/assets/28af519c-8472-4a67-a135-1145bb853396?cache=1800,2023-02-06,2023-03-08,,
Order 127-22-23 (PDF),Order,AMENDMENT TO ZONING MAP RE: INSTITUTIONAL OVERLAY ZONE FOR ROUX INSTITUTE,https://content.civicplus.com/api/assets/95c420a6-d27c-47fb-8582-0ec4c9465fe6?cache=1800,2023-02-06,2023-03-08,,
Order 128-22-23 (PDF),Order,ORDER APPOINTING BEN MARTENS A CLASS B DIRECTOR OF THE BOARD OF THE PORTLAND FISH PIER AUTHORITY,https://content.civicplus.com/api/assets/347604f1-b437-439e-9cd2-78a874a7a9a4?cache=1800,2023-02-06,2023-02-16,,
Order 129-22-23 (PDF),Order,"ORDER APPOINTING KELLY HRENKO, PHD, TO THE PUBLIC ART COMMITTEE",https://content.civicplus.com/api/assets/4775b283-dd9f-4c16-b918-e825071f22e8?cache=1800,2023-02-06,2023-02-16,,
Order 131-22-23 (PDF),Order,"ORDER APPROVING MODIFICATION 1 TO AN AGREEMENT BETWEEN THE PORTLAND AREA COMPREHENSIVE TRANSPORTATION SYSTEM, THE MAINE DEPARTMENT OF TRANSPORTATION AND PORTLAND RE: IMPROVEMENTS TO CUMBERLAND AVENUE",https://content.civicplus.com/api/assets/36b85f77-8705-408f-974e-e3338efe102a?cache=1800,2023-02-06,2023-02-16,,
Order 132-22-23 (PDF),Order,ORDER APPROVING MODIFICATION 3 TO AN AGREEMENT BETWEEN THE MAINE DEPARTMENT OF TRANSPORTATION AND PORTLAND RE: WEST COMMERCIAL STREET TRAIL,https://content.civicplus.com/api/assets/e7e68053-f637-4028-a0bc-703b5cc37889?cache=1800,2023-02-06,2023-02-16,,
Order 133-22-23 (PDF),Order,ORDER ADOPTING THE REVISED REMOTE PARTICIPATION POLICY OF THE PORTLAND CITY COUNCIL,https://content.civicplus.com/api/assets/dacbc010-88ed-4dd8-bae7-d51c4e76eac4?cache=1800,2023-02-06,2023-02-16,,
Order 134-22-23 (PDF),Order,ORDER APPROVING CITY APPLICATION FOR FEDERAL FUNDS TO DREDGE PUBLIC AND PRIVATE BERTHING AND VESSEL SUPPORT SERVICES AND TO DEVELOP A CONFINED AQUATIC DISPOSAL CELL IN PORTLAND HARBOR,https://content.civicplus.com/api/assets/36a73fe2-556f-44b9-bcac-5dc331350f4a?cache=1800,2023-02-06,2023-02-16,,
Order 135-22-23 (PDF),Order,ORDER APPROVING THE PURCHASE AND SALE AGREEMENT WITH THE TRUST FOR PUBLIC LAND RE: NORTH DEERING PARK,https://content.civicplus.com/api/assets/b2277659-0ccb-425d-8fe7-c34521da5f71?cache=1800,2023-02-27,2023-03-09,,
Order 136-22-23 (PDF),Order,ORDER APPOINTING MEMBERS TO VARIOUS BOARDS & COMMITTEES,https://content.civicplus.com/api/assets/1b2e9c94-edac-439f-a8fb-4e51703649d0?cache=1800,2023-02-27,2023-03-09,,
Order 137-22-23 (PDF),Order,ORDER APPOINTING TROY MOON TO THE PEST MANAGEMENT ADVISORY COMMITTEE,https://content.civicplus.com/api/assets/b9acaeb5-0c96-4589-a273-9de68736e7d4?cache=1800,2023-02-27,2023-03-09,,
Order 141-22-23 (PDF),Order,ORDER APPROVING MEMORANDUM OF UNDERSTANDING WITH THE CITY OF WESTBROOK FOR MUTUAL AID,https://content.civicplus.com/api/assets/dec7f804-34aa-43c3-b80e-da75c3196a3c?cache=1800,2023-02-27,2023-03-09,,
Order 142-22-23 (PDF),Order,ORDER ACCEPTING THE 2022 LAND BANK COMMISSION ANNUAL REPORT,https://content.civicplus.com/api/assets/cb5957b7-507d-42da-9aa5-79fc667d9fab?cache=1800,2023-02-27,2023-03-09,,
Order 143-22-23 (PDF),Order,ORDER APPROVING THE WINCHESTER WOODS BOUNDARY AGREEMENT,https://content.civicplus.com/api/assets/2ab9bbb4-0b6e-474a-bfb5-20d99d188393?cache=1800,2023-02-27,2023-03-09,,
Order 144-22-23 (PDF),Order,"ORDER ACCEPTING AND APPROPRIATING A $10,000 ANONYMOUS DONATION TO THE NATIONAL EMS APPRECIATION WEEK FUND",https://content.civicplus.com/api/assets/440f8f5d-c1b7-45e7-8637-fc0e19b4f944?cache=1800,2023-02-27,2023-03-09,,
Order 145-22-23 (PDF),Order,ORDER SETTING A PUBLIC HEARING ON A CITIZEN INITIATIVE AMENDMENT TO PORTLAND CITY CODE RE: AN ACT TO IMPROVE TENANT PROTECTIONS,https://content.civicplus.com/api/assets/0738d4d6-5ffc-435a-8b25-ddba52bae715?cache=1800,2023-03-06,2023-03-16,,
Order 146-22-23 (PDF),Order,ORDER APPROVING THE PURCHASE AND SALE AGREEMENT BETWEEN 144 FORE ST. OZ LLC AND PORTLAND RE: THAMES STREET PROPERTY,https://content.civicplus.com/api/assets/fbea8739-e375-43c4-9cdb-13d11bc0be2c?cache=1800,2023-03-06,2023-03-16,,
Order 147-22-23 (PDF),Order,"ORDER AUTHORIZING GENERAL OBLIGATION BONDS TO FINANCE A PORTION OF THE CITY’S FISCAL YEAR FY24 CAPITAL IMPROVEMENT PROGRAM IN AN AMOUNT NOT TO EXCEED $17,455,000",https://content.civicplus.com/api/assets/90c2194d-e00c-4a30-8676-48ef72812002?cache=1800,2023-03-20,2023-03-30,,
Order 148-22-23 (PDF),Order,"ORDER APPROPRIATING BOND PROCEEDS AND OTHER FUNDS IN AN AMOUNT NOT TO EXCEED $24,530,000 FOR THE CITY’S FY2024 CAPITAL IMPROVEMENT PROGRAM",https://content.civicplus.com/api/assets/05f83436-d25c-480f-8b7e-3c586a841e8f?cache=1800,2023-03-20,2023-03-30,,
Order 149-22-23 (PDF),Order,AMENDMENT TO ZONING MAP RE: I-M TO I-Mb INDUSTRIAL MODERATE IMPACT ON INDUSTRIAL WAY,https://content.civicplus.com/api/assets/eefaab37-353d-45ad-9fc3-d3698b0eb6a4?cache=1800,2023-03-20,2023-04-19,,
Order 150-22-23 (PDF),Order,"ORDER DECLARING AUGUST 6 TO 9, 2023 THE CIRCUS SMIRKUS AT PAYSON PARK FESTIVAL",https://content.civicplus.com/api/assets/f4c42e04-adb9-4096-8384-8251e95caad4?cache=1800,2023-03-20,2023-03-30,,
Order 151-22-23 (PDF),Order,"ORDER DECLARING JUNE 11, 2023 THE RESURGAM MUSIC FESTIVAL",https://content.civicplus.com/api/assets/46687110-c89e-4035-81d8-4e7cbd90a8ec?cache=1800,2023-03-20,2023-03-30,,
Order 154-22-23 (PDF),Order,ORDER APPROVING THE HOME AMERICAN RESCUE PLAN ALLOCATION PLAN,https://content.civicplus.com/api/assets/8bbcb174-92fd-476a-b9c4-40cabd66e874?cache=1800,2023-03-20,2023-03-30,,
Order 155-22-23 (PDF),Order,ORDER APPROVING THE RULES OF THE RENT BOARD,https://content.civicplus.com/api/assets/c19e4f71-68b6-4714-a414-b0b7dc3326b0?cache=1800,2023-03-20,2023-03-20,,
Order 156-22-23 (PDF),Order,"ORDER ACCEPTING AND APPROPRIATING A $39,270 DONATION FOR THE RECONSTRUCTION OF THE BASKETBALL COURT ON GREAT DIAMOND ISLAND",https://content.civicplus.com/api/assets/8c413493-c400-4738-a0d0-b626d31a227a?cache=1800,2023-03-20,2023-03-20,,
Order 157-22-23 (PDF),Order,ORDER SETTING ELECTION DATE ON A CITIZEN INITIATIVE AMENDMENT TO THE PORTLAND CITY CODE RE: AN ACT TO AMEND RENT CONTROL AND TENANT PROTECTIONS,https://content.civicplus.com/api/assets/85ea2ccd-9bbe-4dd5-9e2d-0c11a6c441d5?cache=1800,2023-03-20,2023-03-20,,
Order 158-22-23 (PDF),Order,ORDER APPOINTING PATRICK FERRAIOLO CONSTABLE FOR 2023,https://content.civicplus.com/api/assets/5b6f3816-1796-49e3-ad83-0070ac75e02d?cache=1800,2023-04-10,2023-04-20,,
Order 159-22-23 (PDF),Order,ORDER APPOINTING ELISA A. MARR TAX ASSESSOR,https://content.civicplus.com/api/assets/b3b2b1a2-54c3-4d0b-9f26-402e1db7c5c9?cache=1800,2023-04-10,2023-04-20,,
Order 160-22-23 (PDF),Order,"ORDER DECLARING APRIL 29 TO OCTOBER 31, 2023 THE IN THE SQUARE FESTIVAL",https://content.civicplus.com/api/assets/7e8ec38a-0873-46c0-836b-b4c3a251be0f?cache=1800,2023-04-10,2023-04-20,,
Order 167-22-23 (PDF),Order,ORDER ACCEPTING AND ADOPTING THE 2023 JILL C. DUSON HOUSING TRUST FUND ANNUAL PLAN,https://content.civicplus.com/api/assets/646b230c-1e1c-4d72-9f47-0be3e99608dc?cache=1800,2023-04-10,2023-04-20,,
Order 168-22-23 (PDF),Order,ORDER APPROVING THE 2023 AFFORDABLE HOUSING DEVELOPMENT AND TAX INCREMENT FINANCING APPLICATION,https://content.civicplus.com/api/assets/8abf93ec-49b3-46be-8c94-ece8f4938102?cache=1800,,,,
Order 169-22-23 (PDF),Order,ORDER GRANTING AN EASEMENT TO CENTRAL MAINE POWER AT PORTLAND OCEAN TERMINAL FOR CASCO BAY LINES EXPANSION,https://content.civicplus.com/api/assets/8cd81008-10eb-485b-a98a-d18840ea61c3?cache=1800,2023-04-10,2023-04-20,,
Order 170-22-23 (PDF),Order,ORDER APPROVING AND APPROPRIATING A FEDERAL AVIATION ADMINISTRATION ADMINISTERED AIRPORT IMPROVEMENT PROGRAM AND AIRPORT INFRASTRUCTURE FEDERAL FISCAL YEAR 2023 GRANTS,https://content.civicplus.com/api/assets/8ebac625-efe4-4dea-b276-4971a3ace812?cache=1800,2023-04-24,2023-05-04,,
Order 171-22-23 (PDF),Order,AMENDMENT TO PORTLAND CITY CODE CHAPTER 9 RE: CLEAN ELECTIONS PROGRAM AND RULES,https://content.civicplus.com/api/assets/b9010f3f-9e80-4546-944f-e28f43bb5ad0?cache=1800,2023-05-01,2023-05-01,,
Order 172-22-23 (PDF),Order,AMENDMENT TO ZONING MAP RE: R-6 RESIDENTIAL TO B-3 DOWNTOWN BUSINESS AT 211 CUMBERLAND AVENUE,https://content.civicplus.com/api/assets/9e33db58-f072-4285-8c77-03309672f150?cache=1800,2023-04-24,2023-05-24,,
Order 174-22-23 (PDF),Order,AMENDMENT TO ZONING MAP RE: REPEALING C-5 CONDITIONAL ZONE AGREEMENT AT 22 PARK AVENUE,https://content.civicplus.com/api/assets/eb85b0d6-9c67-49a2-95c6-a83278c356e7?cache=1800,2023-04-24,2023-05-24,,
Order 175-22-23 (PDF),Order,ORDER APPOINTING WARDENS AND WARD CLERKS FOR THE 2023-2024 ELECTION YEAR,https://content.civicplus.com/api/assets/2f82fd10-ee4f-48f3-964c-e431ff33256f?cache=1800,2023-04-24,2023-05-04,,
Order 176-22-23 (PDF),Order,ORDER APPOINTING MEMBERS TO VARIOUS BOARDS & COMMITTEES,https://content.civicplus.com/api/assets/0eaa0673-6052-4557-9a8a-48c1059cec54?cache=1800,2023-04-24,2023-05-11,,
Order 177-22-23 (PDF),Order,"ORDER SETTING THE TIME FOR OPENING AND CLOSING THE POLLS ON JUNE 13, 2023 RE: MUNICIPAL ELECTION",https://content.civicplus.com/api/assets/69ea3bc9-4348-420d-886d-9dbb60173001?cache=1800,2023-04-24,2023-05-04,,
Order 178-22-23 (PDF),Order,"ORDER DECLARING JUNE 10, 2023 THE SHIPYARD OLD PORT HALF MARATHON AND 5K FESTIVAL",https://content.civicplus.com/api/assets/16edda88-c80f-4ad8-9be5-72b2924fc2c8?cache=1800,2023-04-24,2023-05-04,,
Order 185-22-23 (PDF),Order,ORDER RECEIVING AND REFERRING TO THE FINANCE COMMITTEE THE PORTLAND BOARD OF PUBLIC EDUCATION’S FISCAL YEAR 2024 BUDGET ESTIMATE AND SETTING A PUBLIC HEARING THEREON,https://content.civicplus.com/api/assets/3d6d7a62-1331-417c-8e4f-ee17c3119046?cache=1800,2023-04-24,2023-05-04,,
Order 186-22-23 (PDF),Order,ORDER RECEIVING AND REFERRING CITY MANAGER'S FISCAL YEAR 2024 MUNICIPAL BUDGET TO THE FINANCE COMMITTEE AND SETTING DATE OF PUBLIC HEARING ON THE FISCAL YEAR 2024 MUNICIPAL BUDGET AND FISCAL YEAR 2024 APPROPRIATION RESOLVE,https://content.civicplus.com/api/assets/4802ad79-2f06-4e6e-b77c-33bd80ad113f?cache=1800,2023-04-24,2023-05-04,,
Order 187-22-23 (PDF),Order,ORDER APPROVING THE RENEWAL OF PORTAND'S PARTICIPATION IN THE CUMBERLAND COUNTY HOME CONSORTIUM,https://content.civicplus.com/api/assets/77d94116-5db7-41b5-806f-c2fe9fb5a7df?cache=1800,2023-04-24,2023-05-04,,
Order 188-22-23 (PDF),Order,"ORDER MOVING THE POLLING PLACE FOR DISTRICT 2 PRECINCT 2 FROM THE PORTLAND EXPOSITION BUILDING TO THE TROUBH ICE ARENA FOR THE JUNE 13, 2023 MUNICIPAL ELECTION",https://content.civicplus.com/api/assets/ada4d18b-0aa7-47de-9b89-8873c33eea69?cache=1800,2023-04-24,2023-05-04,,
Order 189-22-23 (PDF),Order,"ORDER APPROVING THE AGREEMENT BETWEEN THE MAINE DEPARTMENT OF TRANSPORTATION, PORTLAND AREA COMPREHENSIVE TRANSPORTATION SYSTEM, AND PORTLAND RE: IMPROVEMENTS TO PREBLE STREET EXTENSION",https://content.civicplus.com/api/assets/f4dba519-b472-4eee-b34d-e95cf96be87e?cache=1800,2023-04-24,2023-05-04,,
Order 195-22-23 (PDF),Order,ORDER APPROVING STATE/LOCAL EPS FUNDING ALLOCATION FOR PUBLIC EDUCATION FROM KINDERGARTEN TO GRADE 12 FOR PORTLAND PUBLIC SCHOOLS FOR FISCAL YEAR 2024,https://content.civicplus.com/api/assets/d4171cc6-4114-4ba4-8eba-325971f141a7?cache=1800,2023-05-15,2023-05-25,,
Order 196-22-23 (PDF),Order,ORDER APPROVING NON-STATE FUNDED SCHOOL CONSTRUCTION DEBT SERVICE FOR PORTLAND SCHOOLS FOR FISCAL YEAR 2024,https://content.civicplus.com/api/assets/70ff0c06-bc98-430d-9bc8-0f3125a55537?cache=1800,2023-05-15,2023-05-25,,
Order 197-22-23 (PDF),Order,ORDER RAISING AND APPROPRIATING ADDITIONAL LOCAL FUNDS FOR PORTLAND SCHOOLS FOR FISCAL YEAR 2024,https://content.civicplus.com/api/assets/b3aaf441-dd59-43b6-9759-84f21c1b7cde?cache=1800,2023-05-15,2023-05-25,,
Order 198-22-23 (PDF),Order,ORDER APPROVING TOTAL SCHOOL OPERATING BUDGET FOR PORTLAND SCHOOLS FOR FISCAL YEAR 2024,https://content.civicplus.com/api/assets/9820116b-c609-4033-afb7-b8d7eed9cf7f?cache=1800,2023-05-15,2023-05-25,,
Order 199-22-23 (PDF),Order,"ORDER APPROPRIATING AND RAISING FUNDS FOR ADULT EDUCATION FOR FISCAL YEAR 2024 AS REQUIRED BY THE MAINE REVISED STATUTES, TITLE 20-A M.R.S. §8603-A(1)",https://content.civicplus.com/api/assets/e3abfe7a-64ab-42bb-bcac-27db36287e15?cache=1800,2023-05-15,2023-05-25,,
Order 200-22-23 (PDF),Order,ORDER TO RAISE AND APPROPRIATE LOCAL FUNDS FOR FOOD SERVICE IN THE PORTLAND PUBLIC SCHOOLS FOR FY2024,https://content.civicplus.com/api/assets/5ac36431-5830-43f6-8b51-745ee1304ec2?cache=1800,2023-05-15,2023-05-25,,
Order 201-22-23 (PDF),Order,ORDER AUTHORIZING THE DISPOSITION OF ANY ADDITIONAL STATE SUBSIDY RECEIVED FOR PORTLAND SCHOOLS IN FISCAL YEAR 2024,https://content.civicplus.com/api/assets/16b5823a-9e62-4478-9261-2e926737face?cache=1800,2023-05-15,2023-05-25,,
Order 202-22-23 (PDF),Order,ORDER APPROVING MODIFICATION 1 TO THE AGREEMENT BETWEEN THE MAINE DEPARTMENT OF TRANSPORTATION AND PORTLAND RE: UNION BRANCH TRAIL CONNECTOR,https://content.civicplus.com/api/assets/7262532f-08c5-4e38-af1e-616757391eb0?cache=1800,2023-05-01,2023-05-11,,
Order 203-22-23 (PDF),Order,ORDER APPOINTING TROY MOON CONSTABLE FOR 2023,https://content.civicplus.com/api/assets/dde487e7-76d2-4e07-920f-acc03f126d34?cache=1800,2023-05-15,2023-05-25,,
Order 204-22-23 (PDF),Order,"ORDER APPOINTING DANIELLE P. WEST AS CITY MANAGER, APPROVING HER CONTRACT AND AND SETTING ANNUAL SALARY",https://content.civicplus.com/api/assets/dbd18d5f-22f2-4438-af59-104b7abe8027?cache=1800,2023-05-15,2023-05-15,,
Order 205-22-23 (PDF),Order,"ORDER DECLARING JUNE 17, 2023 THE PRIDE PORTLAND! PARADE AND FESTIVAL",https://content.civicplus.com/api/assets/ec3c1b03-6e34-4427-88a6-9379a570d8c9?cache=1800,2023-05-15,2023-05-25,,
Order 209-22-23 (PDF),Order,"ORDER APPROVING FISCAL YEAR 2024 ADMINISTRATIVE FEES FOR CITY PARKING GARAGES AND THE PARKS, RECREATION, AND FACILITIES DEPARTMENT",https://content.civicplus.com/api/assets/e1c01b6f-7d00-492e-b331-015b571cd19d?cache=1800,2023-07-17,2023-07-17,,
Order 210-22-23 (PDF),Order,ORDER AUTHORIZING THE CITY MANAGER TO ENTER INTO CERTAIN AGREEMENTS TO IMPLEMENT THE FISCAL YEAR 2024 HUMAN RESOURCES AND CERTAIN FRINGE BENEFITS BUDGETS,https://content.civicplus.com/api/assets/7ccf4bd1-9c17-46d7-b594-93d3c2cfd996?cache=1800,2023-07-17,2023-07-17,,
Order 211-22-23 (PDF),Order,ORDER APPROVING THE FISCAL YEAR 2024 SELF-INSURED LIABILITY PROGRAM,https://content.civicplus.com/api/assets/34466660-1dd6-4773-9733-77737cea692a?cache=1800,2023-07-17,2023-07-17,,
Order 212-22-23 (PDF),Order,"ORDER AUTHORIZING THE DIRECTOR OF PARKS, RECREATION AND FACILITIES TO SET FEES AND ENTER RENTAL AGREEMENTS FOR CITY FACILITIES",https://content.civicplus.com/api/assets/afd8e62f-6e6c-4f87-87a2-41568803a5b7?cache=1800,2023-07-17,2023-07-17,,
Order 213-22-23 (PDF),Order,ORDER AUTHORIZING THE CITY MANAGER TO ENTER INTO CERTAIN AGREEMENTS TO IMPLEMENT FISCAL YEAR 2024 HEALTH & HUMAN SERVICES BUDGET,https://content.civicplus.com/api/assets/b9b39cc1-30bf-410e-80b5-9a31c3ff35c3?cache=1800,2023-07-17,2023-07-17,,
Order 214-22-23 (PDF),Order,ORDER AUTHORIZING THE CITY MANAGER TO ACCEPT SCHOLARSHIP AND TRUST DONATIONS AND BEQUESTS AND ENTER INTO TRUST AGREEMENTS,https://content.civicplus.com/api/assets/3dbe3c43-e384-403a-9964-5bd5122d43d9?cache=1800,2023-07-17,2023-07-17,,
Order 215-22-23 (PDF),Order,"ORDER AUTHORIZING THE DIRECTOR OF PARKS, RECREATION AND FACILITIES TO ACCEPT DONATIONS UP TO $10,000 FOR PARKS, RECREATION & FACILITIES DEPARTMENT PROGRAMS AND CITY FUNDS",https://content.civicplus.com/api/assets/6ac9548f-00fe-4a92-be5b-f3ea8196b084?cache=1800,2023-07-17,2023-07-17,,
Order 216-22-23 (PDF),Order,ORDER AUTHORIZING CORPORATION COUNSEL TO UNDERTAKE CIVIL ACTIONS TO COLLECT DELINQUENT PERSONAL PROPERTY TAXES,https://content.civicplus.com/api/assets/f09c4b1e-2888-40f3-be87-9ab8e68a860b?cache=1800,2023-07-17,2023-07-17,,
Order 217-22-23 (PDF),Order,ORDER AUTHORIZING NON-UNION WAGE ADJUSTMENT,https://content.civicplus.com/api/assets/7ba07f9e-5f64-4511-b026-b9d2971157cd?cache=1800,2023-07-17,2023-07-02,,
Order 218-22-23 (PDF),Order,ORDER DESIGNATING FISCAL YEAR 2024 FUNDS FOR SPECIFIC ISLAND SERVICES,https://content.civicplus.com/api/assets/1e473e0d-de86-47ee-ad30-bf9d70c11e0a?cache=1800,2023-07-17,2023-07-17,,
Order 219-22-23 (PDF),Order,"ORDER APPROPRIATING $3,611,343 IN FUND BALANCE",https://content.civicplus.com/api/assets/ecf3d291-c5b8-4016-99c2-792d408fc08d?cache=1800,2023-07-17,2023-07-17,,
Order 220-22-23 (PDF),Order,"ORDER FOR FISCAL YEAR 2023-2024 APPROPRIATING $276,000 FROM EXCESS FUND FOR CASCO BAY ISLAND TRANSIT DISTRICT",https://content.civicplus.com/api/assets/da7a1154-e6eb-4ae1-a101-2a326f924200?cache=1800,2023-07-17,2023-07-17,,
Order 221-22-23 (PDF),Order,"AMENDMENT TO PORTLAND CITY CODE CHAPTERS 24, AND 28 RE: VARIOUS FEE INCREASES FOR FISCAL YEAR 2024",https://content.civicplus.com/api/assets/3c2b9887-25b8-47b8-a3ac-c0657c5f172c?cache=1800,2023-07-17,2023-07-01,,
Order 222-22-23 (PDF),Order,FISCAL YEAR 2023-2024 APPROPRIATION RESOLVE,https://content.civicplus.com/api/assets/4b1f9bdc-c5cf-4cf2-bd16-5fae2fa89b72?cache=1800,2023-07-17,2023-07-17,,
Order 223-22-23 (PDF),Order,"ORDER APPROVING THE AGREEMENT BETWEEN TOP TRUMPS USA, INC. AND THE CITY OF PORTLAND FOR A PORTLAND MONOPOLY GAME",https://content.civicplus.com/api/assets/ad83508a-a0e0-47d0-b0c2-2d7ed17f775c?cache=1800,2023-05-15,2023-05-25,,
Order 224-22-23 (PDF),Order,ORDER AMENDING THE DOWNTOWN TRANSIT ORIENTED DEVELOPMENT AND OMNIBUS TAX INCREMENT FINANCING DISTRICT TO INCREASE FUNDING FOR CREATIVE PORTLAND,https://content.civicplus.com/api/assets/f58c5f09-4748-4e10-ac89-bd1c8d0017d5?cache=1800,2023-07-17,2023-07-17,,
Order 225-22-23 (PDF),Order,ORDER APPOINTING WILLIAM NEEDELMAN CLASS E DIRECTOR TO PORTLAND FISH EXCHANGE,https://content.civicplus.com/api/assets/1d37c6bd-c4c0-423e-8962-988942e960d3?cache=1800,2023-06-05,2023-06-15,,
Order 226-22-23 (PDF),Order,"ORDER APPOINTING CONSTABLES FOR THE PARKS, RECREATION & FACILITIES AND THE POLICE DEPARTMENTS AND THE JETPORT GARAGE FOR 2023",https://content.civicplus.com/api/assets/6b81bc19-1a87-4ebe-b6a0-766ac7c514f8?cache=1800,2023-06-05,2023-06-05,,
Order 227-22-23 (PDF),Order,ORDER CONFIRMING GOVERNOR MILLS' APPOINTMENT OF JOHN HENSHAW TO THE BOARD OF HARBOR COMMISSIONERS,https://content.civicplus.com/api/assets/4cc83eaa-abb4-4e3e-925a-b635b0a57d4d?cache=1800,2023-06-05,2023-06-15,,
Order 228-22-23 (PDF),Order,"ORDER DECLARING JULY 4, 2023 THE JULY 4TH FESTIVAL",https://content.civicplus.com/api/assets/56a65730-2274-4896-a5d1-77e35639323b?cache=1800,2023-06-05,2023-06-15,,
Order 229-22-23 (PDF),Order,"ORDER DECLARING JUNE 16 TO SEPTEMBER 23, 2023 THE OPEN AIR SUNDAYS FESTIVAL ON LOWER EXCHANGE STREET",https://content.civicplus.com/api/assets/efbc4de5-bffa-4c78-abcc-76f7028404e8?cache=1800,2023-06-05,2023-06-15,,
Order 238-22-23 (PDF),Order,ORDER ACCEPTING THE CUMBERLAND COUNTY AND CITY OF PORTLAND ANALYSIS OF IMPEDIMENTS TO FAIR HOUSING,https://content.civicplus.com/api/assets/57fe193a-78a1-4f74-9154-157537035faf?cache=1800,2023-06-05,2023-06-15,,
Order 239-22-23 (PDF),Order,ORDER REFERRING THE AMENDMENT TO THE PORTLAND TAX INCREMENT FINANCING POLICY,https://content.civicplus.com/api/assets/08fa684f-b0fa-410d-80a4-31d53482ee95?cache=1800,2023-06-26,2023-07-06,,
Order 240-22/23 (PDF),Order,ORDER APPROVING RESIDENTIAL PARKING FOR ISLANDERS,https://content.civicplus.com/api/assets/12b2cb78-fd25-4c3b-be32-064fdaa21f93?cache=1800,2023-06-26,2023-07-26,,
Order 241-22/23 (PDF),Order,"ORDER ACCEPTING AND APPROPRIATING A UNITED STATES ENVIRONMENTAL PROTECTION AGENCY BROWNFIELD ASSESSMENT GRANT OF UP TO $500,000",https://content.civicplus.com/api/assets/59473b1f-98e4-4600-a403-6b840cd353fb?cache=1800,2023-06-26,2023-07-06,,
Order 242-22/23 (PDF),Order,ORDER ADOPTING DEVELOPMENT PROGRAM FOR PORTLAND DOWNTOWN FOR FISCAL YEAR 2023-2024,https://content.civicplus.com/api/assets/9501a598-5b6e-47b6-9415-abc5d20bea85?cache=1800,2023-06-26,2023-07-06,,
Order 243-22/23 (PDF),Order,ORDER ESTABLISHING MAINTENANCE AND IMPLEMENTATION ASSESSMENTS FOR PORTLAND DOWNTOWN FOR FISCAL YEAR 2023-2024,https://content.civicplus.com/api/assets/e21a6cd4-b637-42ca-b469-a278dfe2313e?cache=1800,2023-06-26,2023-07-06,,
Order 244-22/23 (PDF),Order,ORDER APPROVING THE AGREEMENT BETWEEN THE CITY OF PORTLAND AND PORTLAND DOWNTOWN,https://content.civicplus.com/api/assets/b65fd463-0924-4f08-9103-8a278f97a717?cache=1800,2023-06-26,2023-07-06,,
Order 245-22-23 (PDF),Order,ORDER APPROVING THE AMENDED WAGE SCALE TO THE COLLECTIVE BARGAINING AGREEMENT WITH THE POLICE BENEVOLENT ASSOCIATION,https://content.civicplus.com/api/assets/c99e2519-5b9f-4ef8-9a7c-e77a7a3ab20a?cache=1800,2023-07-17,2023-07-27,,
Order 246-22-23 (PDF),Order,ORDER APPROVING THE AMENDED WAGE SCALE TO THE COLLECTIVE BARGAINING AGREEMENT WITH THE PORTLAND POLICE SUPERIOR OFFICERS ASSOCIATION,https://content.civicplus.com/api/assets/bfad4615-eb6c-475c-9fee-cc5fca0d1126?cache=1800,2023-07-17,2023-07-27,,
Order 247-22-23 (PDF),Order,"ORDER APPROVING THE SERVICE PROVIDER SUBCONTRACT BETWEEN DC MANAGEMENT LLC, DC BLUEBERRY LLC, THE MAINE IMMIGRANTS' RIGHTS COALITION, AND CITY OF PORTLAND RE: 166 RIVERSIDE INDUSTRIAL PARKWAY",https://content.civicplus.com/api/assets/c6f32aea-e483-42e3-987c-650bce3d6943?cache=1800,2023-06-12,2023-06-22,,
Order 248-22/23 (PDF),Order,"ORDER DECLARING AUGUST 11 TO 12, 2023 THE 97TH ANNUAL ST. PETER’S BAZAAR AND ITALIAN STREET FESTIVAL",https://content.civicplus.com/api/assets/90e6b48e-6809-4eae-97a2-ff6ff06572d1?cache=1800,2023-06-26,2023-07-06,,
Order 253-22-23 (PDF),Order,"ORDER APPROVING THE AMENDED WAGE SCALE TO THE COLLECTIVE BARGAINING AGREEMENT WITH THE CITY EMPLOYEES’ BENEFIT ASSOCIATION, AMERICAN FEDERATION OF STATE, COUNTY AND MUNICIPAL EMPLOYEES, LOCAL 1373",https://content.civicplus.com/api/assets/cd87f1af-ff84-4573-ad48-58278c4d137e?cache=1800,2023-07-17,2023-07-17,,
Order 254-22-23 (PDF),Order,ORDER APPROVING THE AMENDED WAGE SCALE TO THE COLLECTIVE BARGAINING AGREEMENT WITH THE PROFESSIONAL AND TECHNICAL CITY EMPLOYEES ASSOCIATION,https://content.civicplus.com/api/assets/e763fd88-fd1c-43bf-8af1-a5144b160abe?cache=1800,2023-07-17,2023-07-17,,
Order 255-22/23 (PDF),Order,"ORDER ACCEPTING AND APPROPRIATING $9,428.57 IN ASSISTANCE TO FIREFIGHTERS GRANT FUNDING FROM THE FEDERAL EMERGENCY MANAGEMENT AGENCY",https://content.civicplus.com/api/assets/89003a3b-b1a2-46b0-b76e-6b4f242b323c?cache=1800,2023-06-26,2023-06-26,,
Order 260-22-23 (PDF),Order,PROPOSING AN AMENDMENT TO PORTLAND CITY CHARTER RE: GENDER-NEUTRAL LANGUAGE,https://content.civicplus.com/api/assets/a147d13c-3cf9-4323-a58c-556bebe8f5b8?cache=1800,2023-07-17,2023-07-27,,
Order 262-22/23 (PDF),Order,ORDER APPOINTING AND SETTING SALARY OF MARK W. DUBOIS AS POLICE CHIEF,https://content.civicplus.com/api/assets/a258df11-248e-4959-8048-8a4c6c8e3bb2?cache=1800,2023-06-26,2023-07-06,,
Order 263-22/23 (PDF),Order,CONTINUING RESOLUTION IN LIEU OF FISCAL YEAR 2024 APPROPRIATION RESOLVE,https://content.civicplus.com/api/assets/19ab9ea4-d781-4fb8-ba2c-b709bcafb55a?cache=1800,2023-06-26,2023-07-01,,
Order 173-22-23 (PDF),Order,AMENDMENT TO DOWNTOWN HEIGHT OVERLAY AND BAYSIDE HEIGHT OVERLAY MAPS RE: 211 CUMBERLAND AVENUE,https://content.civicplus.com/api/assets/175b10b3-5df5-4e90-8a01-ea8e770fc8d1?cache=1800,2023-04-24,2023-05-24,,